Ayah_Number,Surah_Number,Surah_Length
1,1,7
2,1,7
3,1,7
4,1,7
5,1,7
6,1,7
7,1,7
8,2,286
9,2,286
10,2,286
11,2,286
12,2,286
13,2,286
14,2,286
15,2,286
16,2,286
17,2,286
18,2,286
19,2,286
20,2,286
21,2,286
22,2,286
23,2,286
24,2,286
25,2,286
26,2,286
27,2,286
28,2,286
29,2,286
30,2,286
31,2,286
32,2,286
33,2,286
34,2,286
35,2,286
36,2,286
37,2,286
38,2,286
39,2,286
40,2,286
41,2,286
42,2,286
43,2,286
44,2,286
45,2,286
46,2,286
47,2,286
48,2,286
49,2,286
50,2,286
51,2,286
52,2,286
53,2,286
54,2,286
55,2,286
56,2,286
57,2,286
58,2,286
59,2,286
60,2,286
61,2,286
62,2,286
63,2,286
64,2,286
65,2,286
66,2,286
67,2,286
68,2,286
69,2,286
70,2,286
71,2,286
72,2,286
73,2,286
74,2,286
75,2,286
76,2,286
77,2,286
78,2,286
79,2,286
80,2,286
81,2,286
82,2,286
83,2,286
84,2,286
85,2,286
86,2,286
87,2,286
88,2,286
89,2,286
90,2,286
91,2,286
92,2,286
93,2,286
94,2,286
95,2,286
96,2,286
97,2,286
98,2,286
99,2,286
100,2,286
101,2,286
102,2,286
103,2,286
104,2,286
105,2,286
106,2,286
107,2,286
108,2,286
109,2,286
110,2,286
111,2,286
112,2,286
113,2,286
114,2,286
115,2,286
116,2,286
117,2,286
118,2,286
119,2,286
120,2,286
121,2,286
122,2,286
123,2,286
124,2,286
125,2,286
126,2,286
127,2,286
128,2,286
129,2,286
130,2,286
131,2,286
132,2,286
133,2,286
134,2,286
135,2,286
136,2,286
137,2,286
138,2,286
139,2,286
140,2,286
141,2,286
142,2,286
143,2,286
144,2,286
145,2,286
146,2,286
147,2,286
148,2,286
149,2,286
150,2,286
151,2,286
152,2,286
153,2,286
154,2,286
155,2,286
156,2,286
157,2,286
158,2,286
159,2,286
160,2,286
161,2,286
162,2,286
163,2,286
164,2,286
165,2,286
166,2,286
167,2,286
168,2,286
169,2,286
170,2,286
171,2,286
172,2,286
173,2,286
174,2,286
175,2,286
176,2,286
177,2,286
178,2,286
179,2,286
180,2,286
181,2,286
182,2,286
183,2,286
184,2,286
185,2,286
186,2,286
187,2,286
188,2,286
189,2,286
190,2,286
191,2,286
192,2,286
193,2,286
194,2,286
195,2,286
196,2,286
197,2,286
198,2,286
199,2,286
200,2,286
201,2,286
202,2,286
203,2,286
204,2,286
205,2,286
206,2,286
207,2,286
208,2,286
209,2,286
210,2,286
211,2,286
212,2,286
213,2,286
214,2,286
215,2,286
216,2,286
217,2,286
218,2,286
219,2,286
220,2,286
221,2,286
222,2,286
223,2,286
224,2,286
225,2,286
226,2,286
227,2,286
228,2,286
229,2,286
230,2,286
231,2,286
232,2,286
233,2,286
234,2,286
235,2,286
236,2,286
237,2,286
238,2,286
239,2,286
240,2,286
241,2,286
242,2,286
243,2,286
244,2,286
245,2,286
246,2,286
247,2,286
248,2,286
249,2,286
250,2,286
251,2,286
252,2,286
253,2,286
254,2,286
255,2,286
256,2,286
257,2,286
258,2,286
259,2,286
260,2,286
261,2,286
262,2,286
263,2,286
264,2,286
265,2,286
266,2,286
267,2,286
268,2,286
269,2,286
270,2,286
271,2,286
272,2,286
273,2,286
274,2,286
275,2,286
276,2,286
277,2,286
278,2,286
279,2,286
280,2,286
281,2,286
282,2,286
283,2,286
284,2,286
285,2,286
286,2,286
287,2,286
288,2,286
289,2,286
290,2,286
291,2,286
292,2,286
293,2,286
294,3,200
295,3,200
296,3,200
297,3,200
298,3,200
299,3,200
300,3,200
301,3,200
302,3,200
303,3,200
304,3,200
305,3,200
306,3,200
307,3,200
308,3,200
309,3,200
310,3,200
311,3,200
312,3,200
313,3,200
314,3,200
315,3,200
316,3,200
317,3,200
318,3,200
319,3,200
320,3,200
321,3,200
322,3,200
323,3,200
324,3,200
325,3,200
326,3,200
327,3,200
328,3,200
329,3,200
330,3,200
331,3,200
332,3,200
333,3,200
334,3,200
335,3,200
336,3,200
337,3,200
338,3,200
339,3,200
340,3,200
341,3,200
342,3,200
343,3,200
344,3,200
345,3,200
346,3,200
347,3,200
348,3,200
349,3,200
350,3,200
351,3,200
352,3,200
353,3,200
354,3,200
355,3,200
356,3,200
357,3,200
358,3,200
359,3,200
360,3,200
361,3,200
362,3,200
363,3,200
364,3,200
365,3,200
366,3,200
367,3,200
368,3,200
369,3,200
370,3,200
371,3,200
372,3,200
373,3,200
374,3,200
375,3,200
376,3,200
377,3,200
378,3,200
379,3,200
380,3,200
381,3,200
382,3,200
383,3,200
384,3,200
385,3,200
386,3,200
387,3,200
388,3,200
389,3,200
390,3,200
391,3,200
392,3,200
393,3,200
394,3,200
395,3,200
396,3,200
397,3,200
398,3,200
399,3,200
400,3,200
401,3,200
402,3,200
403,3,200
404,3,200
405,3,200
406,3,200
407,3,200
408,3,200
409,3,200
410,3,200
411,3,200
412,3,200
413,3,200
414,3,200
415,3,200
416,3,200
417,3,200
418,3,200
419,3,200
420,3,200
421,3,200
422,3,200
423,3,200
424,3,200
425,3,200
426,3,200
427,3,200
428,3,200
429,3,200
430,3,200
431,3,200
432,3,200
433,3,200
434,3,200
435,3,200
436,3,200
437,3,200
438,3,200
439,3,200
440,3,200
441,3,200
442,3,200
443,3,200
444,3,200
445,3,200
446,3,200
447,3,200
448,3,200
449,3,200
450,3,200
451,3,200
452,3,200
453,3,200
454,3,200
455,3,200
456,3,200
457,3,200
458,3,200
459,3,200
460,3,200
461,3,200
462,3,200
463,3,200
464,3,200
465,3,200
466,3,200
467,3,200
468,3,200
469,3,200
470,3,200
471,3,200
472,3,200
473,3,200
474,3,200
475,3,200
476,3,200
477,3,200
478,3,200
479,3,200
480,3,200
481,3,200
482,3,200
483,3,200
484,3,200
485,3,200
486,3,200
487,3,200
488,3,200
489,3,200
490,3,200
491,3,200
492,3,200
493,3,200
494,4,176
495,4,176
496,4,176
497,4,176
498,4,176
499,4,176
500,4,176
501,4,176
502,4,176
503,4,176
504,4,176
505,4,176
506,4,176
507,4,176
508,4,176
509,4,176
510,4,176
511,4,176
512,4,176
513,4,176
514,4,176
515,4,176
516,4,176
517,4,176
518,4,176
519,4,176
520,4,176
521,4,176
522,4,176
523,4,176
524,4,176
525,4,176
526,4,176
527,4,176
528,4,176
529,4,176
530,4,176
531,4,176
532,4,176
533,4,176
534,4,176
535,4,176
536,4,176
537,4,176
538,4,176
539,4,176
540,4,176
541,4,176
542,4,176
543,4,176
544,4,176
545,4,176
546,4,176
547,4,176
548,4,176
549,4,176
550,4,176
551,4,176
552,4,176
553,4,176
554,4,176
555,4,176
556,4,176
557,4,176
558,4,176
559,4,176
560,4,176
561,4,176
562,4,176
563,4,176
564,4,176
565,4,176
566,4,176
567,4,176
568,4,176
569,4,176
570,4,176
571,4,176
572,4,176
573,4,176
574,4,176
575,4,176
576,4,176
577,4,176
578,4,176
579,4,176
580,4,176
581,4,176
582,4,176
583,4,176
584,4,176
585,4,176
586,4,176
587,4,176
588,4,176
589,4,176
590,4,176
591,4,176
592,4,176
593,4,176
594,4,176
595,4,176
596,4,176
597,4,176
598,4,176
599,4,176
600,4,176
601,4,176
602,4,176
603,4,176
604,4,176
605,4,176
606,4,176
607,4,176
608,4,176
609,4,176
610,4,176
611,4,176
612,4,176
613,4,176
614,4,176
615,4,176
616,4,176
617,4,176
618,4,176
619,4,176
620,4,176
621,4,176
622,4,176
623,4,176
624,4,176
625,4,176
626,4,176
627,4,176
628,4,176
629,4,176
630,4,176
631,4,176
632,4,176
633,4,176
634,4,176
635,4,176
636,4,176
637,4,176
638,4,176
639,4,176
640,4,176
641,4,176
642,4,176
643,4,176
644,4,176
645,4,176
646,4,176
647,4,176
648,4,176
649,4,176
650,4,176
651,4,176
652,4,176
653,4,176
654,4,176
655,4,176
656,4,176
657,4,176
658,4,176
659,4,176
660,4,176
661,4,176
662,4,176
663,4,176
664,4,176
665,4,176
666,4,176
667,4,176
668,4,176
669,4,176
670,5,120
671,5,120
672,5,120
673,5,120
674,5,120
675,5,120
676,5,120
677,5,120
678,5,120
679,5,120
680,5,120
681,5,120
682,5,120
683,5,120
684,5,120
685,5,120
686,5,120
687,5,120
688,5,120
689,5,120
690,5,120
691,5,120
692,5,120
693,5,120
694,5,120
695,5,120
696,5,120
697,5,120
698,5,120
699,5,120
700,5,120
701,5,120
702,5,120
703,5,120
704,5,120
705,5,120
706,5,120
707,5,120
708,5,120
709,5,120
710,5,120
711,5,120
712,5,120
713,5,120
714,5,120
715,5,120
716,5,120
717,5,120
718,5,120
719,5,120
720,5,120
721,5,120
722,5,120
723,5,120
724,5,120
725,5,120
726,5,120
727,5,120
728,5,120
729,5,120
730,5,120
731,5,120
732,5,120
733,5,120
734,5,120
735,5,120
736,5,120
737,5,120
738,5,120
739,5,120
740,5,120
741,5,120
742,5,120
743,5,120
744,5,120
745,5,120
746,5,120
747,5,120
748,5,120
749,5,120
750,5,120
751,5,120
752,5,120
753,5,120
754,5,120
755,5,120
756,5,120
757,5,120
758,5,120
759,5,120
760,5,120
761,5,120
762,5,120
763,5,120
764,5,120
765,5,120
766,5,120
767,5,120
768,5,120
769,5,120
770,5,120
771,5,120
772,5,120
773,5,120
774,5,120
775,5,120
776,5,120
777,5,120
778,5,120
779,5,120
780,5,120
781,5,120
782,5,120
783,5,120
784,5,120
785,5,120
786,5,120
787,5,120
788,5,120
789,5,120
790,6,165
791,6,165
792,6,165
793,6,165
794,6,165
795,6,165
796,6,165
797,6,165
798,6,165
799,6,165
800,6,165
801,6,165
802,6,165
803,6,165
804,6,165
805,6,165
806,6,165
807,6,165
808,6,165
809,6,165
810,6,165
811,6,165
812,6,165
813,6,165
814,6,165
815,6,165
816,6,165
817,6,165
818,6,165
819,6,165
820,6,165
821,6,165
822,6,165
823,6,165
824,6,165
825,6,165
826,6,165
827,6,165
828,6,165
829,6,165
830,6,165
831,6,165
832,6,165
833,6,165
834,6,165
835,6,165
836,6,165
837,6,165
838,6,165
839,6,165
840,6,165
841,6,165
842,6,165
843,6,165
844,6,165
845,6,165
846,6,165
847,6,165
848,6,165
849,6,165
850,6,165
851,6,165
852,6,165
853,6,165
854,6,165
855,6,165
856,6,165
857,6,165
858,6,165
859,6,165
860,6,165
861,6,165
862,6,165
863,6,165
864,6,165
865,6,165
866,6,165
867,6,165
868,6,165
869,6,165
870,6,165
871,6,165
872,6,165
873,6,165
874,6,165
875,6,165
876,6,165
877,6,165
878,6,165
879,6,165
880,6,165
881,6,165
882,6,165
883,6,165
884,6,165
885,6,165
886,6,165
887,6,165
888,6,165
889,6,165
890,6,165
891,6,165
892,6,165
893,6,165
894,6,165
895,6,165
896,6,165
897,6,165
898,6,165
899,6,165
900,6,165
901,6,165
902,6,165
903,6,165
904,6,165
905,6,165
906,6,165
907,6,165
908,6,165
909,6,165
910,6,165
911,6,165
912,6,165
913,6,165
914,6,165
915,6,165
916,6,165
917,6,165
918,6,165
919,6,165
920,6,165
921,6,165
922,6,165
923,6,165
924,6,165
925,6,165
926,6,165
927,6,165
928,6,165
929,6,165
930,6,165
931,6,165
932,6,165
933,6,165
934,6,165
935,6,165
936,6,165
937,6,165
938,6,165
939,6,165
940,6,165
941,6,165
942,6,165
943,6,165
944,6,165
945,6,165
946,6,165
947,6,165
948,6,165
949,6,165
950,6,165
951,6,165
952,6,165
953,6,165
954,6,165
955,7,206
956,7,206
957,7,206
958,7,206
959,7,206
960,7,206
961,7,206
962,7,206
963,7,206
964,7,206
965,7,206
966,7,206
967,7,206
968,7,206
969,7,206
970,7,206
971,7,206
972,7,206
973,7,206
974,7,206
975,7,206
976,7,206
977,7,206
978,7,206
979,7,206
980,7,206
981,7,206
982,7,206
983,7,206
984,7,206
985,7,206
986,7,206
987,7,206
988,7,206
989,7,206
990,7,206
991,7,206
992,7,206
993,7,206
994,7,206
995,7,206
996,7,206
997,7,206
998,7,206
999,7,206
1000,7,206
1001,7,206
1002,7,206
1003,7,206
1004,7,206
1005,7,206
1006,7,206
1007,7,206
1008,7,206
1009,7,206
1010,7,206
1011,7,206
1012,7,206
1013,7,206
1014,7,206
1015,7,206
1016,7,206
1017,7,206
1018,7,206
1019,7,206
1020,7,206
1021,7,206
1022,7,206
1023,7,206
1024,7,206
1025,7,206
1026,7,206
1027,7,206
1028,7,206
1029,7,206
1030,7,206
1031,7,206
1032,7,206
1033,7,206
1034,7,206
1035,7,206
1036,7,206
1037,7,206
1038,7,206
1039,7,206
1040,7,206
1041,7,206
1042,7,206
1043,7,206
1044,7,206
1045,7,206
1046,7,206
1047,7,206
1048,7,206
1049,7,206
1050,7,206
1051,7,206
1052,7,206
1053,7,206
1054,7,206
1055,7,206
1056,7,206
1057,7,206
1058,7,206
1059,7,206
1060,7,206
1061,7,206
1062,7,206
1063,7,206
1064,7,206
1065,7,206
1066,7,206
1067,7,206
1068,7,206
1069,7,206
1070,7,206
1071,7,206
1072,7,206
1073,7,206
1074,7,206
1075,7,206
1076,7,206
1077,7,206
1078,7,206
1079,7,206
1080,7,206
1081,7,206
1082,7,206
1083,7,206
1084,7,206
1085,7,206
1086,7,206
1087,7,206
1088,7,206
1089,7,206
1090,7,206
1091,7,206
1092,7,206
1093,7,206
1094,7,206
1095,7,206
1096,7,206
1097,7,206
1098,7,206
1099,7,206
1100,7,206
1101,7,206
1102,7,206
1103,7,206
1104,7,206
1105,7,206
1106,7,206
1107,7,206
1108,7,206
1109,7,206
1110,7,206
1111,7,206
1112,7,206
1113,7,206
1114,7,206
1115,7,206
1116,7,206
1117,7,206
1118,7,206
1119,7,206
1120,7,206
1121,7,206
1122,7,206
1123,7,206
1124,7,206
1125,7,206
1126,7,206
1127,7,206
1128,7,206
1129,7,206
1130,7,206
1131,7,206
1132,7,206
1133,7,206
1134,7,206
1135,7,206
1136,7,206
1137,7,206
1138,7,206
1139,7,206
1140,7,206
1141,7,206
1142,7,206
1143,7,206
1144,7,206
1145,7,206
1146,7,206
1147,7,206
1148,7,206
1149,7,206
1150,7,206
1151,7,206
1152,7,206
1153,7,206
1154,7,206
1155,7,206
1156,7,206
1157,7,206
1158,7,206
1159,7,206
1160,7,206
1161,8,75
1162,8,75
1163,8,75
1164,8,75
1165,8,75
1166,8,75
1167,8,75
1168,8,75
1169,8,75
1170,8,75
1171,8,75
1172,8,75
1173,8,75
1174,8,75
1175,8,75
1176,8,75
1177,8,75
1178,8,75
1179,8,75
1180,8,75
1181,8,75
1182,8,75
1183,8,75
1184,8,75
1185,8,75
1186,8,75
1187,8,75
1188,8,75
1189,8,75
1190,8,75
1191,8,75
1192,8,75
1193,8,75
1194,8,75
1195,8,75
1196,8,75
1197,8,75
1198,8,75
1199,8,75
1200,8,75
1201,8,75
1202,8,75
1203,8,75
1204,8,75
1205,8,75
1206,8,75
1207,8,75
1208,8,75
1209,8,75
1210,8,75
1211,8,75
1212,8,75
1213,8,75
1214,8,75
1215,8,75
1216,8,75
1217,8,75
1218,8,75
1219,8,75
1220,8,75
1221,8,75
1222,8,75
1223,8,75
1224,8,75
1225,8,75
1226,8,75
1227,8,75
1228,8,75
1229,8,75
1230,8,75
1231,8,75
1232,8,75
1233,8,75
1234,8,75
1235,8,75
1236,9,129
1237,9,129
1238,9,129
1239,9,129
1240,9,129
1241,9,129
1242,9,129
1243,9,129
1244,9,129
1245,9,129
1246,9,129
1247,9,129
1248,9,129
1249,9,129
1250,9,129
1251,9,129
1252,9,129
1253,9,129
1254,9,129
1255,9,129
1256,9,129
1257,9,129
1258,9,129
1259,9,129
1260,9,129
1261,9,129
1262,9,129
1263,9,129
1264,9,129
1265,9,129
1266,9,129
1267,9,129
1268,9,129
1269,9,129
1270,9,129
1271,9,129
1272,9,129
1273,9,129
1274,9,129
1275,9,129
1276,9,129
1277,9,129
1278,9,129
1279,9,129
1280,9,129
1281,9,129
1282,9,129
1283,9,129
1284,9,129
1285,9,129
1286,9,129
1287,9,129
1288,9,129
1289,9,129
1290,9,129
1291,9,129
1292,9,129
1293,9,129
1294,9,129
1295,9,129
1296,9,129
1297,9,129
1298,9,129
1299,9,129
1300,9,129
1301,9,129
1302,9,129
1303,9,129
1304,9,129
1305,9,129
1306,9,129
1307,9,129
1308,9,129
1309,9,129
1310,9,129
1311,9,129
1312,9,129
1313,9,129
1314,9,129
1315,9,129
1316,9,129
1317,9,129
1318,9,129
1319,9,129
1320,9,129
1321,9,129
1322,9,129
1323,9,129
1324,9,129
1325,9,129
1326,9,129
1327,9,129
1328,9,129
1329,9,129
1330,9,129
1331,9,129
1332,9,129
1333,9,129
1334,9,129
1335,9,129
1336,9,129
1337,9,129
1338,9,129
1339,9,129
1340,9,129
1341,9,129
1342,9,129
1343,9,129
1344,9,129
1345,9,129
1346,9,129
1347,9,129
1348,9,129
1349,9,129
1350,9,129
1351,9,129
1352,9,129
1353,9,129
1354,9,129
1355,9,129
1356,9,129
1357,9,129
1358,9,129
1359,9,129
1360,9,129
1361,9,129
1362,9,129
1363,9,129
1364,9,129
1365,10,109
1366,10,109
1367,10,109
1368,10,109
1369,10,109
1370,10,109
1371,10,109
1372,10,109
1373,10,109
1374,10,109
1375,10,109
1376,10,109
1377,10,109
1378,10,109
1379,10,109
1380,10,109
1381,10,109
1382,10,109
1383,10,109
1384,10,109
1385,10,109
1386,10,109
1387,10,109
1388,10,109
1389,10,109
1390,10,109
1391,10,109
1392,10,109
1393,10,109
1394,10,109
1395,10,109
1396,10,109
1397,10,109
1398,10,109
1399,10,109
1400,10,109
1401,10,109
1402,10,109
1403,10,109
1404,10,109
1405,10,109
1406,10,109
1407,10,109
1408,10,109
1409,10,109
1410,10,109
1411,10,109
1412,10,109
1413,10,109
1414,10,109
1415,10,109
1416,10,109
1417,10,109
1418,10,109
1419,10,109
1420,10,109
1421,10,109
1422,10,109
1423,10,109
1424,10,109
1425,10,109
1426,10,109
1427,10,109
1428,10,109
1429,10,109
1430,10,109
1431,10,109
1432,10,109
1433,10,109
1434,10,109
1435,10,109
1436,10,109
1437,10,109
1438,10,109
1439,10,109
1440,10,109
1441,10,109
1442,10,109
1443,10,109
1444,10,109
1445,10,109
1446,10,109
1447,10,109
1448,10,109
1449,10,109
1450,10,109
1451,10,109
1452,10,109
1453,10,109
1454,10,109
1455,10,109
1456,10,109
1457,10,109
1458,10,109
1459,10,109
1460,10,109
1461,10,109
1462,10,109
1463,10,109
1464,10,109
1465,10,109
1466,10,109
1467,10,109
1468,10,109
1469,10,109
1470,10,109
1471,10,109
1472,10,109
1473,10,109
1474,11,123
1475,11,123
1476,11,123
1477,11,123
1478,11,123
1479,11,123
1480,11,123
1481,11,123
1482,11,123
1483,11,123
1484,11,123
1485,11,123
1486,11,123
1487,11,123
1488,11,123
1489,11,123
1490,11,123
1491,11,123
1492,11,123
1493,11,123
1494,11,123
1495,11,123
1496,11,123
1497,11,123
1498,11,123
1499,11,123
1500,11,123
1501,11,123
1502,11,123
1503,11,123
1504,11,123
1505,11,123
1506,11,123
1507,11,123
1508,11,123
1509,11,123
1510,11,123
1511,11,123
1512,11,123
1513,11,123
1514,11,123
1515,11,123
1516,11,123
1517,11,123
1518,11,123
1519,11,123
1520,11,123
1521,11,123
1522,11,123
1523,11,123
1524,11,123
1525,11,123
1526,11,123
1527,11,123
1528,11,123
1529,11,123
1530,11,123
1531,11,123
1532,11,123
1533,11,123
1534,11,123
1535,11,123
1536,11,123
1537,11,123
1538,11,123
1539,11,123
1540,11,123
1541,11,123
1542,11,123
1543,11,123
1544,11,123
1545,11,123
1546,11,123
1547,11,123
1548,11,123
1549,11,123
1550,11,123
1551,11,123
1552,11,123
1553,11,123
1554,11,123
1555,11,123
1556,11,123
1557,11,123
1558,11,123
1559,11,123
1560,11,123
1561,11,123
1562,11,123
1563,11,123
1564,11,123
1565,11,123
1566,11,123
1567,11,123
1568,11,123
1569,11,123
1570,11,123
1571,11,123
1572,11,123
1573,11,123
1574,11,123
1575,11,123
1576,11,123
1577,11,123
1578,11,123
1579,11,123
1580,11,123
1581,11,123
1582,11,123
1583,11,123
1584,11,123
1585,11,123
1586,11,123
1587,11,123
1588,11,123
1589,11,123
1590,11,123
1591,11,123
1592,11,123
1593,11,123
1594,11,123
1595,11,123
1596,11,123
1597,12,111
1598,12,111
1599,12,111
1600,12,111
1601,12,111
1602,12,111
1603,12,111
1604,12,111
1605,12,111
1606,12,111
1607,12,111
1608,12,111
1609,12,111
1610,12,111
1611,12,111
1612,12,111
1613,12,111
1614,12,111
1615,12,111
1616,12,111
1617,12,111
1618,12,111
1619,12,111
1620,12,111
1621,12,111
1622,12,111
1623,12,111
1624,12,111
1625,12,111
1626,12,111
1627,12,111
1628,12,111
1629,12,111
1630,12,111
1631,12,111
1632,12,111
1633,12,111
1634,12,111
1635,12,111
1636,12,111
1637,12,111
1638,12,111
1639,12,111
1640,12,111
1641,12,111
1642,12,111
1643,12,111
1644,12,111
1645,12,111
1646,12,111
1647,12,111
1648,12,111
1649,12,111
1650,12,111
1651,12,111
1652,12,111
1653,12,111
1654,12,111
1655,12,111
1656,12,111
1657,12,111
1658,12,111
1659,12,111
1660,12,111
1661,12,111
1662,12,111
1663,12,111
1664,12,111
1665,12,111
1666,12,111
1667,12,111
1668,12,111
1669,12,111
1670,12,111
1671,12,111
1672,12,111
1673,12,111
1674,12,111
1675,12,111
1676,12,111
1677,12,111
1678,12,111
1679,12,111
1680,12,111
1681,12,111
1682,12,111
1683,12,111
1684,12,111
1685,12,111
1686,12,111
1687,12,111
1688,12,111
1689,12,111
1690,12,111
1691,12,111
1692,12,111
1693,12,111
1694,12,111
1695,12,111
1696,12,111
1697,12,111
1698,12,111
1699,12,111
1700,12,111
1701,12,111
1702,12,111
1703,12,111
1704,12,111
1705,12,111
1706,12,111
1707,12,111
1708,13,43
1709,13,43
1710,13,43
1711,13,43
1712,13,43
1713,13,43
1714,13,43
1715,13,43
1716,13,43
1717,13,43
1718,13,43
1719,13,43
1720,13,43
1721,13,43
1722,13,43
1723,13,43
1724,13,43
1725,13,43
1726,13,43
1727,13,43
1728,13,43
1729,13,43
1730,13,43
1731,13,43
1732,13,43
1733,13,43
1734,13,43
1735,13,43
1736,13,43
1737,13,43
1738,13,43
1739,13,43
1740,13,43
1741,13,43
1742,13,43
1743,13,43
1744,13,43
1745,13,43
1746,13,43
1747,13,43
1748,13,43
1749,13,43
1750,13,43
1751,14,52
1752,14,52
1753,14,52
1754,14,52
1755,14,52
1756,14,52
1757,14,52
1758,14,52
1759,14,52
1760,14,52
1761,14,52
1762,14,52
1763,14,52
1764,14,52
1765,14,52
1766,14,52
1767,14,52
1768,14,52
1769,14,52
1770,14,52
1771,14,52
1772,14,52
1773,14,52
1774,14,52
1775,14,52
1776,14,52
1777,14,52
1778,14,52
1779,14,52
1780,14,52
1781,14,52
1782,14,52
1783,14,52
1784,14,52
1785,14,52
1786,14,52
1787,14,52
1788,14,52
1789,14,52
1790,14,52
1791,14,52
1792,14,52
1793,14,52
1794,14,52
1795,14,52
1796,14,52
1797,14,52
1798,14,52
1799,14,52
1800,14,52
1801,14,52
1802,14,52
1803,15,99
1804,15,99
1805,15,99
1806,15,99
1807,15,99
1808,15,99
1809,15,99
1810,15,99
1811,15,99
1812,15,99
1813,15,99
1814,15,99
1815,15,99
1816,15,99
1817,15,99
1818,15,99
1819,15,99
1820,15,99
1821,15,99
1822,15,99
1823,15,99
1824,15,99
1825,15,99
1826,15,99
1827,15,99
1828,15,99
1829,15,99
1830,15,99
1831,15,99
1832,15,99
1833,15,99
1834,15,99
1835,15,99
1836,15,99
1837,15,99
1838,15,99
1839,15,99
1840,15,99
1841,15,99
1842,15,99
1843,15,99
1844,15,99
1845,15,99
1846,15,99
1847,15,99
1848,15,99
1849,15,99
1850,15,99
1851,15,99
1852,15,99
1853,15,99
1854,15,99
1855,15,99
1856,15,99
1857,15,99
1858,15,99
1859,15,99
1860,15,99
1861,15,99
1862,15,99
1863,15,99
1864,15,99
1865,15,99
1866,15,99
1867,15,99
1868,15,99
1869,15,99
1870,15,99
1871,15,99
1872,15,99
1873,15,99
1874,15,99
1875,15,99
1876,15,99
1877,15,99
1878,15,99
1879,15,99
1880,15,99
1881,15,99
1882,15,99
1883,15,99
1884,15,99
1885,15,99
1886,15,99
1887,15,99
1888,15,99
1889,15,99
1890,15,99
1891,15,99
1892,15,99
1893,15,99
1894,15,99
1895,15,99
1896,15,99
1897,15,99
1898,15,99
1899,15,99
1900,15,99
1901,15,99
1902,16,128
1903,16,128
1904,16,128
1905,16,128
1906,16,128
1907,16,128
1908,16,128
1909,16,128
1910,16,128
1911,16,128
1912,16,128
1913,16,128
1914,16,128
1915,16,128
1916,16,128
1917,16,128
1918,16,128
1919,16,128
1920,16,128
1921,16,128
1922,16,128
1923,16,128
1924,16,128
1925,16,128
1926,16,128
1927,16,128
1928,16,128
1929,16,128
1930,16,128
1931,16,128
1932,16,128
1933,16,128
1934,16,128
1935,16,128
1936,16,128
1937,16,128
1938,16,128
1939,16,128
1940,16,128
1941,16,128
1942,16,128
1943,16,128
1944,16,128
1945,16,128
1946,16,128
1947,16,128
1948,16,128
1949,16,128
1950,16,128
1951,16,128
1952,16,128
1953,16,128
1954,16,128
1955,16,128
1956,16,128
1957,16,128
1958,16,128
1959,16,128
1960,16,128
1961,16,128
1962,16,128
1963,16,128
1964,16,128
1965,16,128
1966,16,128
1967,16,128
1968,16,128
1969,16,128
1970,16,128
1971,16,128
1972,16,128
1973,16,128
1974,16,128
1975,16,128
1976,16,128
1977,16,128
1978,16,128
1979,16,128
1980,16,128
1981,16,128
1982,16,128
1983,16,128
1984,16,128
1985,16,128
1986,16,128
1987,16,128
1988,16,128
1989,16,128
1990,16,128
1991,16,128
1992,16,128
1993,16,128
1994,16,128
1995,16,128
1996,16,128
1997,16,128
1998,16,128
1999,16,128
2000,16,128
2001,16,128
2002,16,128
2003,16,128
2004,16,128
2005,16,128
2006,16,128
2007,16,128
2008,16,128
2009,16,128
2010,16,128
2011,16,128
2012,16,128
2013,16,128
2014,16,128
2015,16,128
2016,16,128
2017,16,128
2018,16,128
2019,16,128
2020,16,128
2021,16,128
2022,16,128
2023,16,128
2024,16,128
2025,16,128
2026,16,128
2027,16,128
2028,16,128
2029,16,128
2030,17,111
2031,17,111
2032,17,111
2033,17,111
2034,17,111
2035,17,111
2036,17,111
2037,17,111
2038,17,111
2039,17,111
2040,17,111
2041,17,111
2042,17,111
2043,17,111
2044,17,111
2045,17,111
2046,17,111
2047,17,111
2048,17,111
2049,17,111
2050,17,111
2051,17,111
2052,17,111
2053,17,111
2054,17,111
2055,17,111
2056,17,111
2057,17,111
2058,17,111
2059,17,111
2060,17,111
2061,17,111
2062,17,111
2063,17,111
2064,17,111
2065,17,111
2066,17,111
2067,17,111
2068,17,111
2069,17,111
2070,17,111
2071,17,111
2072,17,111
2073,17,111
2074,17,111
2075,17,111
2076,17,111
2077,17,111
2078,17,111
2079,17,111
2080,17,111
2081,17,111
2082,17,111
2083,17,111
2084,17,111
2085,17,111
2086,17,111
2087,17,111
2088,17,111
2089,17,111
2090,17,111
2091,17,111
2092,17,111
2093,17,111
2094,17,111
2095,17,111
2096,17,111
2097,17,111
2098,17,111
2099,17,111
2100,17,111
2101,17,111
2102,17,111
2103,17,111
2104,17,111
2105,17,111
2106,17,111
2107,17,111
2108,17,111
2109,17,111
2110,17,111
2111,17,111
2112,17,111
2113,17,111
2114,17,111
2115,17,111
2116,17,111
2117,17,111
2118,17,111
2119,17,111
2120,17,111
2121,17,111
2122,17,111
2123,17,111
2124,17,111
2125,17,111
2126,17,111
2127,17,111
2128,17,111
2129,17,111
2130,17,111
2131,17,111
2132,17,111
2133,17,111
2134,17,111
2135,17,111
2136,17,111
2137,17,111
2138,17,111
2139,17,111
2140,17,111
2141,18,110
2142,18,110
2143,18,110
2144,18,110
2145,18,110
2146,18,110
2147,18,110
2148,18,110
2149,18,110
2150,18,110
2151,18,110
2152,18,110
2153,18,110
2154,18,110
2155,18,110
2156,18,110
2157,18,110
2158,18,110
2159,18,110
2160,18,110
2161,18,110
2162,18,110
2163,18,110
2164,18,110
2165,18,110
2166,18,110
2167,18,110
2168,18,110
2169,18,110
2170,18,110
2171,18,110
2172,18,110
2173,18,110
2174,18,110
2175,18,110
2176,18,110
2177,18,110
2178,18,110
2179,18,110
2180,18,110
2181,18,110
2182,18,110
2183,18,110
2184,18,110
2185,18,110
2186,18,110
2187,18,110
2188,18,110
2189,18,110
2190,18,110
2191,18,110
2192,18,110
2193,18,110
2194,18,110
2195,18,110
2196,18,110
2197,18,110
2198,18,110
2199,18,110
2200,18,110
2201,18,110
2202,18,110
2203,18,110
2204,18,110
2205,18,110
2206,18,110
2207,18,110
2208,18,110
2209,18,110
2210,18,110
2211,18,110
2212,18,110
2213,18,110
2214,18,110
2215,18,110
2216,18,110
2217,18,110
2218,18,110
2219,18,110
2220,18,110
2221,18,110
2222,18,110
2223,18,110
2224,18,110
2225,18,110
2226,18,110
2227,18,110
2228,18,110
2229,18,110
2230,18,110
2231,18,110
2232,18,110
2233,18,110
2234,18,110
2235,18,110
2236,18,110
2237,18,110
2238,18,110
2239,18,110
2240,18,110
2241,18,110
2242,18,110
2243,18,110
2244,18,110
2245,18,110
2246,18,110
2247,18,110
2248,18,110
2249,18,110
2250,18,110
2251,19,98
2252,19,98
2253,19,98
2254,19,98
2255,19,98
2256,19,98
2257,19,98
2258,19,98
2259,19,98
2260,19,98
2261,19,98
2262,19,98
2263,19,98
2264,19,98
2265,19,98
2266,19,98
2267,19,98
2268,19,98
2269,19,98
2270,19,98
2271,19,98
2272,19,98
2273,19,98
2274,19,98
2275,19,98
2276,19,98
2277,19,98
2278,19,98
2279,19,98
2280,19,98
2281,19,98
2282,19,98
2283,19,98
2284,19,98
2285,19,98
2286,19,98
2287,19,98
2288,19,98
2289,19,98
2290,19,98
2291,19,98
2292,19,98
2293,19,98
2294,19,98
2295,19,98
2296,19,98
2297,19,98
2298,19,98
2299,19,98
2300,19,98
2301,19,98
2302,19,98
2303,19,98
2304,19,98
2305,19,98
2306,19,98
2307,19,98
2308,19,98
2309,19,98
2310,19,98
2311,19,98
2312,19,98
2313,19,98
2314,19,98
2315,19,98
2316,19,98
2317,19,98
2318,19,98
2319,19,98
2320,19,98
2321,19,98
2322,19,98
2323,19,98
2324,19,98
2325,19,98
2326,19,98
2327,19,98
2328,19,98
2329,19,98
2330,19,98
2331,19,98
2332,19,98
2333,19,98
2334,19,98
2335,19,98
2336,19,98
2337,19,98
2338,19,98
2339,19,98
2340,19,98
2341,19,98
2342,19,98
2343,19,98
2344,19,98
2345,19,98
2346,19,98
2347,19,98
2348,19,98
2349,20,135
2350,20,135
2351,20,135
2352,20,135
2353,20,135
2354,20,135
2355,20,135
2356,20,135
2357,20,135
2358,20,135
2359,20,135
2360,20,135
2361,20,135
2362,20,135
2363,20,135
2364,20,135
2365,20,135
2366,20,135
2367,20,135
2368,20,135
2369,20,135
2370,20,135
2371,20,135
2372,20,135
2373,20,135
2374,20,135
2375,20,135
2376,20,135
2377,20,135
2378,20,135
2379,20,135
2380,20,135
2381,20,135
2382,20,135
2383,20,135
2384,20,135
2385,20,135
2386,20,135
2387,20,135
2388,20,135
2389,20,135
2390,20,135
2391,20,135
2392,20,135
2393,20,135
2394,20,135
2395,20,135
2396,20,135
2397,20,135
2398,20,135
2399,20,135
2400,20,135
2401,20,135
2402,20,135
2403,20,135
2404,20,135
2405,20,135
2406,20,135
2407,20,135
2408,20,135
2409,20,135
2410,20,135
2411,20,135
2412,20,135
2413,20,135
2414,20,135
2415,20,135
2416,20,135
2417,20,135
2418,20,135
2419,20,135
2420,20,135
2421,20,135
2422,20,135
2423,20,135
2424,20,135
2425,20,135
2426,20,135
2427,20,135
2428,20,135
2429,20,135
2430,20,135
2431,20,135
2432,20,135
2433,20,135
2434,20,135
2435,20,135
2436,20,135
2437,20,135
2438,20,135
2439,20,135
2440,20,135
2441,20,135
2442,20,135
2443,20,135
2444,20,135
2445,20,135
2446,20,135
2447,20,135
2448,20,135
2449,20,135
2450,20,135
2451,20,135
2452,20,135
2453,20,135
2454,20,135
2455,20,135
2456,20,135
2457,20,135
2458,20,135
2459,20,135
2460,20,135
2461,20,135
2462,20,135
2463,20,135
2464,20,135
2465,20,135
2466,20,135
2467,20,135
2468,20,135
2469,20,135
2470,20,135
2471,20,135
2472,20,135
2473,20,135
2474,20,135
2475,20,135
2476,20,135
2477,20,135
2478,20,135
2479,20,135
2480,20,135
2481,20,135
2482,20,135
2483,20,135
2484,21,112
2485,21,112
2486,21,112
2487,21,112
2488,21,112
2489,21,112
2490,21,112
2491,21,112
2492,21,112
2493,21,112
2494,21,112
2495,21,112
2496,21,112
2497,21,112
2498,21,112
2499,21,112
2500,21,112
2501,21,112
2502,21,112
2503,21,112
2504,21,112
2505,21,112
2506,21,112
2507,21,112
2508,21,112
2509,21,112
2510,21,112
2511,21,112
2512,21,112
2513,21,112
2514,21,112
2515,21,112
2516,21,112
2517,21,112
2518,21,112
2519,21,112
2520,21,112
2521,21,112
2522,21,112
2523,21,112
2524,21,112
2525,21,112
2526,21,112
2527,21,112
2528,21,112
2529,21,112
2530,21,112
2531,21,112
2532,21,112
2533,21,112
2534,21,112
2535,21,112
2536,21,112
2537,21,112
2538,21,112
2539,21,112
2540,21,112
2541,21,112
2542,21,112
2543,21,112
2544,21,112
2545,21,112
2546,21,112
2547,21,112
2548,21,112
2549,21,112
2550,21,112
2551,21,112
2552,21,112
2553,21,112
2554,21,112
2555,21,112
2556,21,112
2557,21,112
2558,21,112
2559,21,112
2560,21,112
2561,21,112
2562,21,112
2563,21,112
2564,21,112
2565,21,112
2566,21,112
2567,21,112
2568,21,112
2569,21,112
2570,21,112
2571,21,112
2572,21,112
2573,21,112
2574,21,112
2575,21,112
2576,21,112
2577,21,112
2578,21,112
2579,21,112
2580,21,112
2581,21,112
2582,21,112
2583,21,112
2584,21,112
2585,21,112
2586,21,112
2587,21,112
2588,21,112
2589,21,112
2590,21,112
2591,21,112
2592,21,112
2593,21,112
2594,21,112
2595,21,112
2596,22,78
2597,22,78
2598,22,78
2599,22,78
2600,22,78
2601,22,78
2602,22,78
2603,22,78
2604,22,78
2605,22,78
2606,22,78
2607,22,78
2608,22,78
2609,22,78
2610,22,78
2611,22,78
2612,22,78
2613,22,78
2614,22,78
2615,22,78
2616,22,78
2617,22,78
2618,22,78
2619,22,78
2620,22,78
2621,22,78
2622,22,78
2623,22,78
2624,22,78
2625,22,78
2626,22,78
2627,22,78
2628,22,78
2629,22,78
2630,22,78
2631,22,78
2632,22,78
2633,22,78
2634,22,78
2635,22,78
2636,22,78
2637,22,78
2638,22,78
2639,22,78
2640,22,78
2641,22,78
2642,22,78
2643,22,78
2644,22,78
2645,22,78
2646,22,78
2647,22,78
2648,22,78
2649,22,78
2650,22,78
2651,22,78
2652,22,78
2653,22,78
2654,22,78
2655,22,78
2656,22,78
2657,22,78
2658,22,78
2659,22,78
2660,22,78
2661,22,78
2662,22,78
2663,22,78
2664,22,78
2665,22,78
2666,22,78
2667,22,78
2668,22,78
2669,22,78
2670,22,78
2671,22,78
2672,22,78
2673,22,78
2674,23,118
2675,23,118
2676,23,118
2677,23,118
2678,23,118
2679,23,118
2680,23,118
2681,23,118
2682,23,118
2683,23,118
2684,23,118
2685,23,118
2686,23,118
2687,23,118
2688,23,118
2689,23,118
2690,23,118
2691,23,118
2692,23,118
2693,23,118
2694,23,118
2695,23,118
2696,23,118
2697,23,118
2698,23,118
2699,23,118
2700,23,118
2701,23,118
2702,23,118
2703,23,118
2704,23,118
2705,23,118
2706,23,118
2707,23,118
2708,23,118
2709,23,118
2710,23,118
2711,23,118
2712,23,118
2713,23,118
2714,23,118
2715,23,118
2716,23,118
2717,23,118
2718,23,118
2719,23,118
2720,23,118
2721,23,118
2722,23,118
2723,23,118
2724,23,118
2725,23,118
2726,23,118
2727,23,118
2728,23,118
2729,23,118
2730,23,118
2731,23,118
2732,23,118
2733,23,118
2734,23,118
2735,23,118
2736,23,118
2737,23,118
2738,23,118
2739,23,118
2740,23,118
2741,23,118
2742,23,118
2743,23,118
2744,23,118
2745,23,118
2746,23,118
2747,23,118
2748,23,118
2749,23,118
2750,23,118
2751,23,118
2752,23,118
2753,23,118
2754,23,118
2755,23,118
2756,23,118
2757,23,118
2758,23,118
2759,23,118
2760,23,118
2761,23,118
2762,23,118
2763,23,118
2764,23,118
2765,23,118
2766,23,118
2767,23,118
2768,23,118
2769,23,118
2770,23,118
2771,23,118
2772,23,118
2773,23,118
2774,23,118
2775,23,118
2776,23,118
2777,23,118
2778,23,118
2779,23,118
2780,23,118
2781,23,118
2782,23,118
2783,23,118
2784,23,118
2785,23,118
2786,23,118
2787,23,118
2788,23,118
2789,23,118
2790,23,118
2791,23,118
2792,24,64
2793,24,64
2794,24,64
2795,24,64
2796,24,64
2797,24,64
2798,24,64
2799,24,64
2800,24,64
2801,24,64
2802,24,64
2803,24,64
2804,24,64
2805,24,64
2806,24,64
2807,24,64
2808,24,64
2809,24,64
2810,24,64
2811,24,64
2812,24,64
2813,24,64
2814,24,64
2815,24,64
2816,24,64
2817,24,64
2818,24,64
2819,24,64
2820,24,64
2821,24,64
2822,24,64
2823,24,64
2824,24,64
2825,24,64
2826,24,64
2827,24,64
2828,24,64
2829,24,64
2830,24,64
2831,24,64
2832,24,64
2833,24,64
2834,24,64
2835,24,64
2836,24,64
2837,24,64
2838,24,64
2839,24,64
2840,24,64
2841,24,64
2842,24,64
2843,24,64
2844,24,64
2845,24,64
2846,24,64
2847,24,64
2848,24,64
2849,24,64
2850,24,64
2851,24,64
2852,24,64
2853,24,64
2854,24,64
2855,24,64
2856,25,77
2857,25,77
2858,25,77
2859,25,77
2860,25,77
2861,25,77
2862,25,77
2863,25,77
2864,25,77
2865,25,77
2866,25,77
2867,25,77
2868,25,77
2869,25,77
2870,25,77
2871,25,77
2872,25,77
2873,25,77
2874,25,77
2875,25,77
2876,25,77
2877,25,77
2878,25,77
2879,25,77
2880,25,77
2881,25,77
2882,25,77
2883,25,77
2884,25,77
2885,25,77
2886,25,77
2887,25,77
2888,25,77
2889,25,77
2890,25,77
2891,25,77
2892,25,77
2893,25,77
2894,25,77
2895,25,77
2896,25,77
2897,25,77
2898,25,77
2899,25,77
2900,25,77
2901,25,77
2902,25,77
2903,25,77
2904,25,77
2905,25,77
2906,25,77
2907,25,77
2908,25,77
2909,25,77
2910,25,77
2911,25,77
2912,25,77
2913,25,77
2914,25,77
2915,25,77
2916,25,77
2917,25,77
2918,25,77
2919,25,77
2920,25,77
2921,25,77
2922,25,77
2923,25,77
2924,25,77
2925,25,77
2926,25,77
2927,25,77
2928,25,77
2929,25,77
2930,25,77
2931,25,77
2932,25,77
2933,26,227
2934,26,227
2935,26,227
2936,26,227
2937,26,227
2938,26,227
2939,26,227
2940,26,227
2941,26,227
2942,26,227
2943,26,227
2944,26,227
2945,26,227
2946,26,227
2947,26,227
2948,26,227
2949,26,227
2950,26,227
2951,26,227
2952,26,227
2953,26,227
2954,26,227
2955,26,227
2956,26,227
2957,26,227
2958,26,227
2959,26,227
2960,26,227
2961,26,227
2962,26,227
2963,26,227
2964,26,227
2965,26,227
2966,26,227
2967,26,227
2968,26,227
2969,26,227
2970,26,227
2971,26,227
2972,26,227
2973,26,227
2974,26,227
2975,26,227
2976,26,227
2977,26,227
2978,26,227
2979,26,227
2980,26,227
2981,26,227
2982,26,227
2983,26,227
2984,26,227
2985,26,227
2986,26,227
2987,26,227
2988,26,227
2989,26,227
2990,26,227
2991,26,227
2992,26,227
2993,26,227
2994,26,227
2995,26,227
2996,26,227
2997,26,227
2998,26,227
2999,26,227
3000,26,227
3001,26,227
3002,26,227
3003,26,227
3004,26,227
3005,26,227
3006,26,227
3007,26,227
3008,26,227
3009,26,227
3010,26,227
3011,26,227
3012,26,227
3013,26,227
3014,26,227
3015,26,227
3016,26,227
3017,26,227
3018,26,227
3019,26,227
3020,26,227
3021,26,227
3022,26,227
3023,26,227
3024,26,227
3025,26,227
3026,26,227
3027,26,227
3028,26,227
3029,26,227
3030,26,227
3031,26,227
3032,26,227
3033,26,227
3034,26,227
3035,26,227
3036,26,227
3037,26,227
3038,26,227
3039,26,227
3040,26,227
3041,26,227
3042,26,227
3043,26,227
3044,26,227
3045,26,227
3046,26,227
3047,26,227
3048,26,227
3049,26,227
3050,26,227
3051,26,227
3052,26,227
3053,26,227
3054,26,227
3055,26,227
3056,26,227
3057,26,227
3058,26,227
3059,26,227
3060,26,227
3061,26,227
3062,26,227
3063,26,227
3064,26,227
3065,26,227
3066,26,227
3067,26,227
3068,26,227
3069,26,227
3070,26,227
3071,26,227
3072,26,227
3073,26,227
3074,26,227
3075,26,227
3076,26,227
3077,26,227
3078,26,227
3079,26,227
3080,26,227
3081,26,227
3082,26,227
3083,26,227
3084,26,227
3085,26,227
3086,26,227
3087,26,227
3088,26,227
3089,26,227
3090,26,227
3091,26,227
3092,26,227
3093,26,227
3094,26,227
3095,26,227
3096,26,227
3097,26,227
3098,26,227
3099,26,227
3100,26,227
3101,26,227
3102,26,227
3103,26,227
3104,26,227
3105,26,227
3106,26,227
3107,26,227
3108,26,227
3109,26,227
3110,26,227
3111,26,227
3112,26,227
3113,26,227
3114,26,227
3115,26,227
3116,26,227
3117,26,227
3118,26,227
3119,26,227
3120,26,227
3121,26,227
3122,26,227
3123,26,227
3124,26,227
3125,26,227
3126,26,227
3127,26,227
3128,26,227
3129,26,227
3130,26,227
3131,26,227
3132,26,227
3133,26,227
3134,26,227
3135,26,227
3136,26,227
3137,26,227
3138,26,227
3139,26,227
3140,26,227
3141,26,227
3142,26,227
3143,26,227
3144,26,227
3145,26,227
3146,26,227
3147,26,227
3148,26,227
3149,26,227
3150,26,227
3151,26,227
3152,26,227
3153,26,227
3154,26,227
3155,26,227
3156,26,227
3157,26,227
3158,26,227
3159,26,227
3160,27,93
3161,27,93
3162,27,93
3163,27,93
3164,27,93
3165,27,93
3166,27,93
3167,27,93
3168,27,93
3169,27,93
3170,27,93
3171,27,93
3172,27,93
3173,27,93
3174,27,93
3175,27,93
3176,27,93
3177,27,93
3178,27,93
3179,27,93
3180,27,93
3181,27,93
3182,27,93
3183,27,93
3184,27,93
3185,27,93
3186,27,93
3187,27,93
3188,27,93
3189,27,93
3190,27,93
3191,27,93
3192,27,93
3193,27,93
3194,27,93
3195,27,93
3196,27,93
3197,27,93
3198,27,93
3199,27,93
3200,27,93
3201,27,93
3202,27,93
3203,27,93
3204,27,93
3205,27,93
3206,27,93
3207,27,93
3208,27,93
3209,27,93
3210,27,93
3211,27,93
3212,27,93
3213,27,93
3214,27,93
3215,27,93
3216,27,93
3217,27,93
3218,27,93
3219,27,93
3220,27,93
3221,27,93
3222,27,93
3223,27,93
3224,27,93
3225,27,93
3226,27,93
3227,27,93
3228,27,93
3229,27,93
3230,27,93
3231,27,93
3232,27,93
3233,27,93
3234,27,93
3235,27,93
3236,27,93
3237,27,93
3238,27,93
3239,27,93
3240,27,93
3241,27,93
3242,27,93
3243,27,93
3244,27,93
3245,27,93
3246,27,93
3247,27,93
3248,27,93
3249,27,93
3250,27,93
3251,27,93
3252,27,93
3253,28,88
3254,28,88
3255,28,88
3256,28,88
3257,28,88
3258,28,88
3259,28,88
3260,28,88
3261,28,88
3262,28,88
3263,28,88
3264,28,88
3265,28,88
3266,28,88
3267,28,88
3268,28,88
3269,28,88
3270,28,88
3271,28,88
3272,28,88
3273,28,88
3274,28,88
3275,28,88
3276,28,88
3277,28,88
3278,28,88
3279,28,88
3280,28,88
3281,28,88
3282,28,88
3283,28,88
3284,28,88
3285,28,88
3286,28,88
3287,28,88
3288,28,88
3289,28,88
3290,28,88
3291,28,88
3292,28,88
3293,28,88
3294,28,88
3295,28,88
3296,28,88
3297,28,88
3298,28,88
3299,28,88
3300,28,88
3301,28,88
3302,28,88
3303,28,88
3304,28,88
3305,28,88
3306,28,88
3307,28,88
3308,28,88
3309,28,88
3310,28,88
3311,28,88
3312,28,88
3313,28,88
3314,28,88
3315,28,88
3316,28,88
3317,28,88
3318,28,88
3319,28,88
3320,28,88
3321,28,88
3322,28,88
3323,28,88
3324,28,88
3325,28,88
3326,28,88
3327,28,88
3328,28,88
3329,28,88
3330,28,88
3331,28,88
3332,28,88
3333,28,88
3334,28,88
3335,28,88
3336,28,88
3337,28,88
3338,28,88
3339,28,88
3340,28,88
3341,29,69
3342,29,69
3343,29,69
3344,29,69
3345,29,69
3346,29,69
3347,29,69
3348,29,69
3349,29,69
3350,29,69
3351,29,69
3352,29,69
3353,29,69
3354,29,69
3355,29,69
3356,29,69
3357,29,69
3358,29,69
3359,29,69
3360,29,69
3361,29,69
3362,29,69
3363,29,69
3364,29,69
3365,29,69
3366,29,69
3367,29,69
3368,29,69
3369,29,69
3370,29,69
3371,29,69
3372,29,69
3373,29,69
3374,29,69
3375,29,69
3376,29,69
3377,29,69
3378,29,69
3379,29,69
3380,29,69
3381,29,69
3382,29,69
3383,29,69
3384,29,69
3385,29,69
3386,29,69
3387,29,69
3388,29,69
3389,29,69
3390,29,69
3391,29,69
3392,29,69
3393,29,69
3394,29,69
3395,29,69
3396,29,69
3397,29,69
3398,29,69
3399,29,69
3400,29,69
3401,29,69
3402,29,69
3403,29,69
3404,29,69
3405,29,69
3406,29,69
3407,29,69
3408,29,69
3409,29,69
3410,30,60
3411,30,60
3412,30,60
3413,30,60
3414,30,60
3415,30,60
3416,30,60
3417,30,60
3418,30,60
3419,30,60
3420,30,60
3421,30,60
3422,30,60
3423,30,60
3424,30,60
3425,30,60
3426,30,60
3427,30,60
3428,30,60
3429,30,60
3430,30,60
3431,30,60
3432,30,60
3433,30,60
3434,30,60
3435,30,60
3436,30,60
3437,30,60
3438,30,60
3439,30,60
3440,30,60
3441,30,60
3442,30,60
3443,30,60
3444,30,60
3445,30,60
3446,30,60
3447,30,60
3448,30,60
3449,30,60
3450,30,60
3451,30,60
3452,30,60
3453,30,60
3454,30,60
3455,30,60
3456,30,60
3457,30,60
3458,30,60
3459,30,60
3460,30,60
3461,30,60
3462,30,60
3463,30,60
3464,30,60
3465,30,60
3466,30,60
3467,30,60
3468,30,60
3469,30,60
3470,31,34
3471,31,34
3472,31,34
3473,31,34
3474,31,34
3475,31,34
3476,31,34
3477,31,34
3478,31,34
3479,31,34
3480,31,34
3481,31,34
3482,31,34
3483,31,34
3484,31,34
3485,31,34
3486,31,34
3487,31,34
3488,31,34
3489,31,34
3490,31,34
3491,31,34
3492,31,34
3493,31,34
3494,31,34
3495,31,34
3496,31,34
3497,31,34
3498,31,34
3499,31,34
3500,31,34
3501,31,34
3502,31,34
3503,31,34
3504,32,30
3505,32,30
3506,32,30
3507,32,30
3508,32,30
3509,32,30
3510,32,30
3511,32,30
3512,32,30
3513,32,30
3514,32,30
3515,32,30
3516,32,30
3517,32,30
3518,32,30
3519,32,30
3520,32,30
3521,32,30
3522,32,30
3523,32,30
3524,32,30
3525,32,30
3526,32,30
3527,32,30
3528,32,30
3529,32,30
3530,32,30
3531,32,30
3532,32,30
3533,32,30
3534,33,73
3535,33,73
3536,33,73
3537,33,73
3538,33,73
3539,33,73
3540,33,73
3541,33,73
3542,33,73
3543,33,73
3544,33,73
3545,33,73
3546,33,73
3547,33,73
3548,33,73
3549,33,73
3550,33,73
3551,33,73
3552,33,73
3553,33,73
3554,33,73
3555,33,73
3556,33,73
3557,33,73
3558,33,73
3559,33,73
3560,33,73
3561,33,73
3562,33,73
3563,33,73
3564,33,73
3565,33,73
3566,33,73
3567,33,73
3568,33,73
3569,33,73
3570,33,73
3571,33,73
3572,33,73
3573,33,73
3574,33,73
3575,33,73
3576,33,73
3577,33,73
3578,33,73
3579,33,73
3580,33,73
3581,33,73
3582,33,73
3583,33,73
3584,33,73
3585,33,73
3586,33,73
3587,33,73
3588,33,73
3589,33,73
3590,33,73
3591,33,73
3592,33,73
3593,33,73
3594,33,73
3595,33,73
3596,33,73
3597,33,73
3598,33,73
3599,33,73
3600,33,73
3601,33,73
3602,33,73
3603,33,73
3604,33,73
3605,33,73
3606,33,73
3607,34,54
3608,34,54
3609,34,54
3610,34,54
3611,34,54
3612,34,54
3613,34,54
3614,34,54
3615,34,54
3616,34,54
3617,34,54
3618,34,54
3619,34,54
3620,34,54
3621,34,54
3622,34,54
3623,34,54
3624,34,54
3625,34,54
3626,34,54
3627,34,54
3628,34,54
3629,34,54
3630,34,54
3631,34,54
3632,34,54
3633,34,54
3634,34,54
3635,34,54
3636,34,54
3637,34,54
3638,34,54
3639,34,54
3640,34,54
3641,34,54
3642,34,54
3643,34,54
3644,34,54
3645,34,54
3646,34,54
3647,34,54
3648,34,54
3649,34,54
3650,34,54
3651,34,54
3652,34,54
3653,34,54
3654,34,54
3655,34,54
3656,34,54
3657,34,54
3658,34,54
3659,34,54
3660,34,54
3661,35,45
3662,35,45
3663,35,45
3664,35,45
3665,35,45
3666,35,45
3667,35,45
3668,35,45
3669,35,45
3670,35,45
3671,35,45
3672,35,45
3673,35,45
3674,35,45
3675,35,45
3676,35,45
3677,35,45
3678,35,45
3679,35,45
3680,35,45
3681,35,45
3682,35,45
3683,35,45
3684,35,45
3685,35,45
3686,35,45
3687,35,45
3688,35,45
3689,35,45
3690,35,45
3691,35,45
3692,35,45
3693,35,45
3694,35,45
3695,35,45
3696,35,45
3697,35,45
3698,35,45
3699,35,45
3700,35,45
3701,35,45
3702,35,45
3703,35,45
3704,35,45
3705,35,45
3706,36,83
3707,36,83
3708,36,83
3709,36,83
3710,36,83
3711,36,83
3712,36,83
3713,36,83
3714,36,83
3715,36,83
3716,36,83
3717,36,83
3718,36,83
3719,36,83
3720,36,83
3721,36,83
3722,36,83
3723,36,83
3724,36,83
3725,36,83
3726,36,83
3727,36,83
3728,36,83
3729,36,83
3730,36,83
3731,36,83
3732,36,83
3733,36,83
3734,36,83
3735,36,83
3736,36,83
3737,36,83
3738,36,83
3739,36,83
3740,36,83
3741,36,83
3742,36,83
3743,36,83
3744,36,83
3745,36,83
3746,36,83
3747,36,83
3748,36,83
3749,36,83
3750,36,83
3751,36,83
3752,36,83
3753,36,83
3754,36,83
3755,36,83
3756,36,83
3757,36,83
3758,36,83
3759,36,83
3760,36,83
3761,36,83
3762,36,83
3763,36,83
3764,36,83
3765,36,83
3766,36,83
3767,36,83
3768,36,83
3769,36,83
3770,36,83
3771,36,83
3772,36,83
3773,36,83
3774,36,83
3775,36,83
3776,36,83
3777,36,83
3778,36,83
3779,36,83
3780,36,83
3781,36,83
3782,36,83
3783,36,83
3784,36,83
3785,36,83
3786,36,83
3787,36,83
3788,36,83
3789,37,182
3790,37,182
3791,37,182
3792,37,182
3793,37,182
3794,37,182
3795,37,182
3796,37,182
3797,37,182
3798,37,182
3799,37,182
3800,37,182
3801,37,182
3802,37,182
3803,37,182
3804,37,182
3805,37,182
3806,37,182
3807,37,182
3808,37,182
3809,37,182
3810,37,182
3811,37,182
3812,37,182
3813,37,182
3814,37,182
3815,37,182
3816,37,182
3817,37,182
3818,37,182
3819,37,182
3820,37,182
3821,37,182
3822,37,182
3823,37,182
3824,37,182
3825,37,182
3826,37,182
3827,37,182
3828,37,182
3829,37,182
3830,37,182
3831,37,182
3832,37,182
3833,37,182
3834,37,182
3835,37,182
3836,37,182
3837,37,182
3838,37,182
3839,37,182
3840,37,182
3841,37,182
3842,37,182
3843,37,182
3844,37,182
3845,37,182
3846,37,182
3847,37,182
3848,37,182
3849,37,182
3850,37,182
3851,37,182
3852,37,182
3853,37,182
3854,37,182
3855,37,182
3856,37,182
3857,37,182
3858,37,182
3859,37,182
3860,37,182
3861,37,182
3862,37,182
3863,37,182
3864,37,182
3865,37,182
3866,37,182
3867,37,182
3868,37,182
3869,37,182
3870,37,182
3871,37,182
3872,37,182
3873,37,182
3874,37,182
3875,37,182
3876,37,182
3877,37,182
3878,37,182
3879,37,182
3880,37,182
3881,37,182
3882,37,182
3883,37,182
3884,37,182
3885,37,182
3886,37,182
3887,37,182
3888,37,182
3889,37,182
3890,37,182
3891,37,182
3892,37,182
3893,37,182
3894,37,182
3895,37,182
3896,37,182
3897,37,182
3898,37,182
3899,37,182
3900,37,182
3901,37,182
3902,37,182
3903,37,182
3904,37,182
3905,37,182
3906,37,182
3907,37,182
3908,37,182
3909,37,182
3910,37,182
3911,37,182
3912,37,182
3913,37,182
3914,37,182
3915,37,182
3916,37,182
3917,37,182
3918,37,182
3919,37,182
3920,37,182
3921,37,182
3922,37,182
3923,37,182
3924,37,182
3925,37,182
3926,37,182
3927,37,182
3928,37,182
3929,37,182
3930,37,182
3931,37,182
3932,37,182
3933,37,182
3934,37,182
3935,37,182
3936,37,182
3937,37,182
3938,37,182
3939,37,182
3940,37,182
3941,37,182
3942,37,182
3943,37,182
3944,37,182
3945,37,182
3946,37,182
3947,37,182
3948,37,182
3949,37,182
3950,37,182
3951,37,182
3952,37,182
3953,37,182
3954,37,182
3955,37,182
3956,37,182
3957,37,182
3958,37,182
3959,37,182
3960,37,182
3961,37,182
3962,37,182
3963,37,182
3964,37,182
3965,37,182
3966,37,182
3967,37,182
3968,37,182
3969,37,182
3970,37,182
3971,38,88
3972,38,88
3973,38,88
3974,38,88
3975,38,88
3976,38,88
3977,38,88
3978,38,88
3979,38,88
3980,38,88
3981,38,88
3982,38,88
3983,38,88
3984,38,88
3985,38,88
3986,38,88
3987,38,88
3988,38,88
3989,38,88
3990,38,88
3991,38,88
3992,38,88
3993,38,88
3994,38,88
3995,38,88
3996,38,88
3997,38,88
3998,38,88
3999,38,88
4000,38,88
4001,38,88
4002,38,88
4003,38,88
4004,38,88
4005,38,88
4006,38,88
4007,38,88
4008,38,88
4009,38,88
4010,38,88
4011,38,88
4012,38,88
4013,38,88
4014,38,88
4015,38,88
4016,38,88
4017,38,88
4018,38,88
4019,38,88
4020,38,88
4021,38,88
4022,38,88
4023,38,88
4024,38,88
4025,38,88
4026,38,88
4027,38,88
4028,38,88
4029,38,88
4030,38,88
4031,38,88
4032,38,88
4033,38,88
4034,38,88
4035,38,88
4036,38,88
4037,38,88
4038,38,88
4039,38,88
4040,38,88
4041,38,88
4042,38,88
4043,38,88
4044,38,88
4045,38,88
4046,38,88
4047,38,88
4048,38,88
4049,38,88
4050,38,88
4051,38,88
4052,38,88
4053,38,88
4054,38,88
4055,38,88
4056,38,88
4057,38,88
4058,38,88
4059,39,75
4060,39,75
4061,39,75
4062,39,75
4063,39,75
4064,39,75
4065,39,75
4066,39,75
4067,39,75
4068,39,75
4069,39,75
4070,39,75
4071,39,75
4072,39,75
4073,39,75
4074,39,75
4075,39,75
4076,39,75
4077,39,75
4078,39,75
4079,39,75
4080,39,75
4081,39,75
4082,39,75
4083,39,75
4084,39,75
4085,39,75
4086,39,75
4087,39,75
4088,39,75
4089,39,75
4090,39,75
4091,39,75
4092,39,75
4093,39,75
4094,39,75
4095,39,75
4096,39,75
4097,39,75
4098,39,75
4099,39,75
4100,39,75
4101,39,75
4102,39,75
4103,39,75
4104,39,75
4105,39,75
4106,39,75
4107,39,75
4108,39,75
4109,39,75
4110,39,75
4111,39,75
4112,39,75
4113,39,75
4114,39,75
4115,39,75
4116,39,75
4117,39,75
4118,39,75
4119,39,75
4120,39,75
4121,39,75
4122,39,75
4123,39,75
4124,39,75
4125,39,75
4126,39,75
4127,39,75
4128,39,75
4129,39,75
4130,39,75
4131,39,75
4132,39,75
4133,39,75
4134,40,85
4135,40,85
4136,40,85
4137,40,85
4138,40,85
4139,40,85
4140,40,85
4141,40,85
4142,40,85
4143,40,85
4144,40,85
4145,40,85
4146,40,85
4147,40,85
4148,40,85
4149,40,85
4150,40,85
4151,40,85
4152,40,85
4153,40,85
4154,40,85
4155,40,85
4156,40,85
4157,40,85
4158,40,85
4159,40,85
4160,40,85
4161,40,85
4162,40,85
4163,40,85
4164,40,85
4165,40,85
4166,40,85
4167,40,85
4168,40,85
4169,40,85
4170,40,85
4171,40,85
4172,40,85
4173,40,85
4174,40,85
4175,40,85
4176,40,85
4177,40,85
4178,40,85
4179,40,85
4180,40,85
4181,40,85
4182,40,85
4183,40,85
4184,40,85
4185,40,85
4186,40,85
4187,40,85
4188,40,85
4189,40,85
4190,40,85
4191,40,85
4192,40,85
4193,40,85
4194,40,85
4195,40,85
4196,40,85
4197,40,85
4198,40,85
4199,40,85
4200,40,85
4201,40,85
4202,40,85
4203,40,85
4204,40,85
4205,40,85
4206,40,85
4207,40,85
4208,40,85
4209,40,85
4210,40,85
4211,40,85
4212,40,85
4213,40,85
4214,40,85
4215,40,85
4216,40,85
4217,40,85
4218,40,85
4219,41,54
4220,41,54
4221,41,54
4222,41,54
4223,41,54
4224,41,54
4225,41,54
4226,41,54
4227,41,54
4228,41,54
4229,41,54
4230,41,54
4231,41,54
4232,41,54
4233,41,54
4234,41,54
4235,41,54
4236,41,54
4237,41,54
4238,41,54
4239,41,54
4240,41,54
4241,41,54
4242,41,54
4243,41,54
4244,41,54
4245,41,54
4246,41,54
4247,41,54
4248,41,54
4249,41,54
4250,41,54
4251,41,54
4252,41,54
4253,41,54
4254,41,54
4255,41,54
4256,41,54
4257,41,54
4258,41,54
4259,41,54
4260,41,54
4261,41,54
4262,41,54
4263,41,54
4264,41,54
4265,41,54
4266,41,54
4267,41,54
4268,41,54
4269,41,54
4270,41,54
4271,41,54
4272,41,54
4273,42,53
4274,42,53
4275,42,53
4276,42,53
4277,42,53
4278,42,53
4279,42,53
4280,42,53
4281,42,53
4282,42,53
4283,42,53
4284,42,53
4285,42,53
4286,42,53
4287,42,53
4288,42,53
4289,42,53
4290,42,53
4291,42,53
4292,42,53
4293,42,53
4294,42,53
4295,42,53
4296,42,53
4297,42,53
4298,42,53
4299,42,53
4300,42,53
4301,42,53
4302,42,53
4303,42,53
4304,42,53
4305,42,53
4306,42,53
4307,42,53
4308,42,53
4309,42,53
4310,42,53
4311,42,53
4312,42,53
4313,42,53
4314,42,53
4315,42,53
4316,42,53
4317,42,53
4318,42,53
4319,42,53
4320,42,53
4321,42,53
4322,42,53
4323,42,53
4324,42,53
4325,42,53
4326,43,89
4327,43,89
4328,43,89
4329,43,89
4330,43,89
4331,43,89
4332,43,89
4333,43,89
4334,43,89
4335,43,89
4336,43,89
4337,43,89
4338,43,89
4339,43,89
4340,43,89
4341,43,89
4342,43,89
4343,43,89
4344,43,89
4345,43,89
4346,43,89
4347,43,89
4348,43,89
4349,43,89
4350,43,89
4351,43,89
4352,43,89
4353,43,89
4354,43,89
4355,43,89
4356,43,89
4357,43,89
4358,43,89
4359,43,89
4360,43,89
4361,43,89
4362,43,89
4363,43,89
4364,43,89
4365,43,89
4366,43,89
4367,43,89
4368,43,89
4369,43,89
4370,43,89
4371,43,89
4372,43,89
4373,43,89
4374,43,89
4375,43,89
4376,43,89
4377,43,89
4378,43,89
4379,43,89
4380,43,89
4381,43,89
4382,43,89
4383,43,89
4384,43,89
4385,43,89
4386,43,89
4387,43,89
4388,43,89
4389,43,89
4390,43,89
4391,43,89
4392,43,89
4393,43,89
4394,43,89
4395,43,89
4396,43,89
4397,43,89
4398,43,89
4399,43,89
4400,43,89
4401,43,89
4402,43,89
4403,43,89
4404,43,89
4405,43,89
4406,43,89
4407,43,89
4408,43,89
4409,43,89
4410,43,89
4411,43,89
4412,43,89
4413,43,89
4414,43,89
4415,44,59
4416,44,59
4417,44,59
4418,44,59
4419,44,59
4420,44,59
4421,44,59
4422,44,59
4423,44,59
4424,44,59
4425,44,59
4426,44,59
4427,44,59
4428,44,59
4429,44,59
4430,44,59
4431,44,59
4432,44,59
4433,44,59
4434,44,59
4435,44,59
4436,44,59
4437,44,59
4438,44,59
4439,44,59
4440,44,59
4441,44,59
4442,44,59
4443,44,59
4444,44,59
4445,44,59
4446,44,59
4447,44,59
4448,44,59
4449,44,59
4450,44,59
4451,44,59
4452,44,59
4453,44,59
4454,44,59
4455,44,59
4456,44,59
4457,44,59
4458,44,59
4459,44,59
4460,44,59
4461,44,59
4462,44,59
4463,44,59
4464,44,59
4465,44,59
4466,44,59
4467,44,59
4468,44,59
4469,44,59
4470,44,59
4471,44,59
4472,44,59
4473,44,59
4474,45,37
4475,45,37
4476,45,37
4477,45,37
4478,45,37
4479,45,37
4480,45,37
4481,45,37
4482,45,37
4483,45,37
4484,45,37
4485,45,37
4486,45,37
4487,45,37
4488,45,37
4489,45,37
4490,45,37
4491,45,37
4492,45,37
4493,45,37
4494,45,37
4495,45,37
4496,45,37
4497,45,37
4498,45,37
4499,45,37
4500,45,37
4501,45,37
4502,45,37
4503,45,37
4504,45,37
4505,45,37
4506,45,37
4507,45,37
4508,45,37
4509,45,37
4510,45,37
4511,46,35
4512,46,35
4513,46,35
4514,46,35
4515,46,35
4516,46,35
4517,46,35
4518,46,35
4519,46,35
4520,46,35
4521,46,35
4522,46,35
4523,46,35
4524,46,35
4525,46,35
4526,46,35
4527,46,35
4528,46,35
4529,46,35
4530,46,35
4531,46,35
4532,46,35
4533,46,35
4534,46,35
4535,46,35
4536,46,35
4537,46,35
4538,46,35
4539,46,35
4540,46,35
4541,46,35
4542,46,35
4543,46,35
4544,46,35
4545,46,35
4546,47,38
4547,47,38
4548,47,38
4549,47,38
4550,47,38
4551,47,38
4552,47,38
4553,47,38
4554,47,38
4555,47,38
4556,47,38
4557,47,38
4558,47,38
4559,47,38
4560,47,38
4561,47,38
4562,47,38
4563,47,38
4564,47,38
4565,47,38
4566,47,38
4567,47,38
4568,47,38
4569,47,38
4570,47,38
4571,47,38
4572,47,38
4573,47,38
4574,47,38
4575,47,38
4576,47,38
4577,47,38
4578,47,38
4579,47,38
4580,47,38
4581,47,38
4582,47,38
4583,47,38
4584,48,29
4585,48,29
4586,48,29
4587,48,29
4588,48,29
4589,48,29
4590,48,29
4591,48,29
4592,48,29
4593,48,29
4594,48,29
4595,48,29
4596,48,29
4597,48,29
4598,48,29
4599,48,29
4600,48,29
4601,48,29
4602,48,29
4603,48,29
4604,48,29
4605,48,29
4606,48,29
4607,48,29
4608,48,29
4609,48,29
4610,48,29
4611,48,29
4612,48,29
4613,49,18
4614,49,18
4615,49,18
4616,49,18
4617,49,18
4618,49,18
4619,49,18
4620,49,18
4621,49,18
4622,49,18
4623,49,18
4624,49,18
4625,49,18
4626,49,18
4627,49,18
4628,49,18
4629,49,18
4630,49,18
4631,50,45
4632,50,45
4633,50,45
4634,50,45
4635,50,45
4636,50,45
4637,50,45
4638,50,45
4639,50,45
4640,50,45
4641,50,45
4642,50,45
4643,50,45
4644,50,45
4645,50,45
4646,50,45
4647,50,45
4648,50,45
4649,50,45
4650,50,45
4651,50,45
4652,50,45
4653,50,45
4654,50,45
4655,50,45
4656,50,45
4657,50,45
4658,50,45
4659,50,45
4660,50,45
4661,50,45
4662,50,45
4663,50,45
4664,50,45
4665,50,45
4666,50,45
4667,50,45
4668,50,45
4669,50,45
4670,50,45
4671,50,45
4672,50,45
4673,50,45
4674,50,45
4675,50,45
4676,51,60
4677,51,60
4678,51,60
4679,51,60
4680,51,60
4681,51,60
4682,51,60
4683,51,60
4684,51,60
4685,51,60
4686,51,60
4687,51,60
4688,51,60
4689,51,60
4690,51,60
4691,51,60
4692,51,60
4693,51,60
4694,51,60
4695,51,60
4696,51,60
4697,51,60
4698,51,60
4699,51,60
4700,51,60
4701,51,60
4702,51,60
4703,51,60
4704,51,60
4705,51,60
4706,51,60
4707,51,60
4708,51,60
4709,51,60
4710,51,60
4711,51,60
4712,51,60
4713,51,60
4714,51,60
4715,51,60
4716,51,60
4717,51,60
4718,51,60
4719,51,60
4720,51,60
4721,51,60
4722,51,60
4723,51,60
4724,51,60
4725,51,60
4726,51,60
4727,51,60
4728,51,60
4729,51,60
4730,51,60
4731,51,60
4732,51,60
4733,51,60
4734,51,60
4735,51,60
4736,52,49
4737,52,49
4738,52,49
4739,52,49
4740,52,49
4741,52,49
4742,52,49
4743,52,49
4744,52,49
4745,52,49
4746,52,49
4747,52,49
4748,52,49
4749,52,49
4750,52,49
4751,52,49
4752,52,49
4753,52,49
4754,52,49
4755,52,49
4756,52,49
4757,52,49
4758,52,49
4759,52,49
4760,52,49
4761,52,49
4762,52,49
4763,52,49
4764,52,49
4765,52,49
4766,52,49
4767,52,49
4768,52,49
4769,52,49
4770,52,49
4771,52,49
4772,52,49
4773,52,49
4774,52,49
4775,52,49
4776,52,49
4777,52,49
4778,52,49
4779,52,49
4780,52,49
4781,52,49
4782,52,49
4783,52,49
4784,52,49
4785,53,62
4786,53,62
4787,53,62
4788,53,62
4789,53,62
4790,53,62
4791,53,62
4792,53,62
4793,53,62
4794,53,62
4795,53,62
4796,53,62
4797,53,62
4798,53,62
4799,53,62
4800,53,62
4801,53,62
4802,53,62
4803,53,62
4804,53,62
4805,53,62
4806,53,62
4807,53,62
4808,53,62
4809,53,62
4810,53,62
4811,53,62
4812,53,62
4813,53,62
4814,53,62
4815,53,62
4816,53,62
4817,53,62
4818,53,62
4819,53,62
4820,53,62
4821,53,62
4822,53,62
4823,53,62
4824,53,62
4825,53,62
4826,53,62
4827,53,62
4828,53,62
4829,53,62
4830,53,62
4831,53,62
4832,53,62
4833,53,62
4834,53,62
4835,53,62
4836,53,62
4837,53,62
4838,53,62
4839,53,62
4840,53,62
4841,53,62
4842,53,62
4843,53,62
4844,53,62
4845,53,62
4846,53,62
4847,54,55
4848,54,55
4849,54,55
4850,54,55
4851,54,55
4852,54,55
4853,54,55
4854,54,55
4855,54,55
4856,54,55
4857,54,55
4858,54,55
4859,54,55
4860,54,55
4861,54,55
4862,54,55
4863,54,55
4864,54,55
4865,54,55
4866,54,55
4867,54,55
4868,54,55
4869,54,55
4870,54,55
4871,54,55
4872,54,55
4873,54,55
4874,54,55
4875,54,55
4876,54,55
4877,54,55
4878,54,55
4879,54,55
4880,54,55
4881,54,55
4882,54,55
4883,54,55
4884,54,55
4885,54,55
4886,54,55
4887,54,55
4888,54,55
4889,54,55
4890,54,55
4891,54,55
4892,54,55
4893,54,55
4894,54,55
4895,54,55
4896,54,55
4897,54,55
4898,54,55
4899,54,55
4900,54,55
4901,54,55
4902,55,78
4903,55,78
4904,55,78
4905,55,78
4906,55,78
4907,55,78
4908,55,78
4909,55,78
4910,55,78
4911,55,78
4912,55,78
4913,55,78
4914,55,78
4915,55,78
4916,55,78
4917,55,78
4918,55,78
4919,55,78
4920,55,78
4921,55,78
4922,55,78
4923,55,78
4924,55,78
4925,55,78
4926,55,78
4927,55,78
4928,55,78
4929,55,78
4930,55,78
4931,55,78
4932,55,78
4933,55,78
4934,55,78
4935,55,78
4936,55,78
4937,55,78
4938,55,78
4939,55,78
4940,55,78
4941,55,78
4942,55,78
4943,55,78
4944,55,78
4945,55,78
4946,55,78
4947,55,78
4948,55,78
4949,55,78
4950,55,78
4951,55,78
4952,55,78
4953,55,78
4954,55,78
4955,55,78
4956,55,78
4957,55,78
4958,55,78
4959,55,78
4960,55,78
4961,55,78
4962,55,78
4963,55,78
4964,55,78
4965,55,78
4966,55,78
4967,55,78
4968,55,78
4969,55,78
4970,55,78
4971,55,78
4972,55,78
4973,55,78
4974,55,78
4975,55,78
4976,55,78
4977,55,78
4978,55,78
4979,55,78
4980,56,96
4981,56,96
4982,56,96
4983,56,96
4984,56,96
4985,56,96
4986,56,96
4987,56,96
4988,56,96
4989,56,96
4990,56,96
4991,56,96
4992,56,96
4993,56,96
4994,56,96
4995,56,96
4996,56,96
4997,56,96
4998,56,96
4999,56,96
5000,56,96
5001,56,96
5002,56,96
5003,56,96
5004,56,96
5005,56,96
5006,56,96
5007,56,96
5008,56,96
5009,56,96
5010,56,96
5011,56,96
5012,56,96
5013,56,96
5014,56,96
5015,56,96
5016,56,96
5017,56,96
5018,56,96
5019,56,96
5020,56,96
5021,56,96
5022,56,96
5023,56,96
5024,56,96
5025,56,96
5026,56,96
5027,56,96
5028,56,96
5029,56,96
5030,56,96
5031,56,96
5032,56,96
5033,56,96
5034,56,96
5035,56,96
5036,56,96
5037,56,96
5038,56,96
5039,56,96
5040,56,96
5041,56,96
5042,56,96
5043,56,96
5044,56,96
5045,56,96
5046,56,96
5047,56,96
5048,56,96
5049,56,96
5050,56,96
5051,56,96
5052,56,96
5053,56,96
5054,56,96
5055,56,96
5056,56,96
5057,56,96
5058,56,96
5059,56,96
5060,56,96
5061,56,96
5062,56,96
5063,56,96
5064,56,96
5065,56,96
5066,56,96
5067,56,96
5068,56,96
5069,56,96
5070,56,96
5071,56,96
5072,56,96
5073,56,96
5074,56,96
5075,56,96
5076,57,29
5077,57,29
5078,57,29
5079,57,29
5080,57,29
5081,57,29
5082,57,29
5083,57,29
5084,57,29
5085,57,29
5086,57,29
5087,57,29
5088,57,29
5089,57,29
5090,57,29
5091,57,29
5092,57,29
5093,57,29
5094,57,29
5095,57,29
5096,57,29
5097,57,29
5098,57,29
5099,57,29
5100,57,29
5101,57,29
5102,57,29
5103,57,29
5104,57,29
5105,58,22
5106,58,22
5107,58,22
5108,58,22
5109,58,22
5110,58,22
5111,58,22
5112,58,22
5113,58,22
5114,58,22
5115,58,22
5116,58,22
5117,58,22
5118,58,22
5119,58,22
5120,58,22
5121,58,22
5122,58,22
5123,58,22
5124,58,22
5125,58,22
5126,58,22
5127,59,24
5128,59,24
5129,59,24
5130,59,24
5131,59,24
5132,59,24
5133,59,24
5134,59,24
5135,59,24
5136,59,24
5137,59,24
5138,59,24
5139,59,24
5140,59,24
5141,59,24
5142,59,24
5143,59,24
5144,59,24
5145,59,24
5146,59,24
5147,59,24
5148,59,24
5149,59,24
5150,59,24
5151,60,13
5152,60,13
5153,60,13
5154,60,13
5155,60,13
5156,60,13
5157,60,13
5158,60,13
5159,60,13
5160,60,13
5161,60,13
5162,60,13
5163,60,13
5164,61,14
5165,61,14
5166,61,14
5167,61,14
5168,61,14
5169,61,14
5170,61,14
5171,61,14
5172,61,14
5173,61,14
5174,61,14
5175,61,14
5176,61,14
5177,61,14
5178,62,11
5179,62,11
5180,62,11
5181,62,11
5182,62,11
5183,62,11
5184,62,11
5185,62,11
5186,62,11
5187,62,11
5188,62,11
5189,63,11
5190,63,11
5191,63,11
5192,63,11
5193,63,11
5194,63,11
5195,63,11
5196,63,11
5197,63,11
5198,63,11
5199,63,11
5200,64,18
5201,64,18
5202,64,18
5203,64,18
5204,64,18
5205,64,18
5206,64,18
5207,64,18
5208,64,18
5209,64,18
5210,64,18
5211,64,18
5212,64,18
5213,64,18
5214,64,18
5215,64,18
5216,64,18
5217,64,18
5218,65,12
5219,65,12
5220,65,12
5221,65,12
5222,65,12
5223,65,12
5224,65,12
5225,65,12
5226,65,12
5227,65,12
5228,65,12
5229,65,12
5230,66,12
5231,66,12
5232,66,12
5233,66,12
5234,66,12
5235,66,12
5236,66,12
5237,66,12
5238,66,12
5239,66,12
5240,66,12
5241,66,12
5242,67,30
5243,67,30
5244,67,30
5245,67,30
5246,67,30
5247,67,30
5248,67,30
5249,67,30
5250,67,30
5251,67,30
5252,67,30
5253,67,30
5254,67,30
5255,67,30
5256,67,30
5257,67,30
5258,67,30
5259,67,30
5260,67,30
5261,67,30
5262,67,30
5263,67,30
5264,67,30
5265,67,30
5266,67,30
5267,67,30
5268,67,30
5269,67,30
5270,67,30
5271,67,30
5272,68,52
5273,68,52
5274,68,52
5275,68,52
5276,68,52
5277,68,52
5278,68,52
5279,68,52
5280,68,52
5281,68,52
5282,68,52
5283,68,52
5284,68,52
5285,68,52
5286,68,52
5287,68,52
5288,68,52
5289,68,52
5290,68,52
5291,68,52
5292,68,52
5293,68,52
5294,68,52
5295,68,52
5296,68,52
5297,68,52
5298,68,52
5299,68,52
5300,68,52
5301,68,52
5302,68,52
5303,68,52
5304,68,52
5305,68,52
5306,68,52
5307,68,52
5308,68,52
5309,68,52
5310,68,52
5311,68,52
5312,68,52
5313,68,52
5314,68,52
5315,68,52
5316,68,52
5317,68,52
5318,68,52
5319,68,52
5320,68,52
5321,68,52
5322,68,52
5323,68,52
5324,69,52
5325,69,52
5326,69,52
5327,69,52
5328,69,52
5329,69,52
5330,69,52
5331,69,52
5332,69,52
5333,69,52
5334,69,52
5335,69,52
5336,69,52
5337,69,52
5338,69,52
5339,69,52
5340,69,52
5341,69,52
5342,69,52
5343,69,52
5344,69,52
5345,69,52
5346,69,52
5347,69,52
5348,69,52
5349,69,52
5350,69,52
5351,69,52
5352,69,52
5353,69,52
5354,69,52
5355,69,52
5356,69,52
5357,69,52
5358,69,52
5359,69,52
5360,69,52
5361,69,52
5362,69,52
5363,69,52
5364,69,52
5365,69,52
5366,69,52
5367,69,52
5368,69,52
5369,69,52
5370,69,52
5371,69,52
5372,69,52
5373,69,52
5374,69,52
5375,69,52
5376,70,44
5377,70,44
5378,70,44
5379,70,44
5380,70,44
5381,70,44
5382,70,44
5383,70,44
5384,70,44
5385,70,44
5386,70,44
5387,70,44
5388,70,44
5389,70,44
5390,70,44
5391,70,44
5392,70,44
5393,70,44
5394,70,44
5395,70,44
5396,70,44
5397,70,44
5398,70,44
5399,70,44
5400,70,44
5401,70,44
5402,70,44
5403,70,44
5404,70,44
5405,70,44
5406,70,44
5407,70,44
5408,70,44
5409,70,44
5410,70,44
5411,70,44
5412,70,44
5413,70,44
5414,70,44
5415,70,44
5416,70,44
5417,70,44
5418,70,44
5419,70,44
5420,71,28
5421,71,28
5422,71,28
5423,71,28
5424,71,28
5425,71,28
5426,71,28
5427,71,28
5428,71,28
5429,71,28
5430,71,28
5431,71,28
5432,71,28
5433,71,28
5434,71,28
5435,71,28
5436,71,28
5437,71,28
5438,71,28
5439,71,28
5440,71,28
5441,71,28
5442,71,28
5443,71,28
5444,71,28
5445,71,28
5446,71,28
5447,71,28
5448,72,28
5449,72,28
5450,72,28
5451,72,28
5452,72,28
5453,72,28
5454,72,28
5455,72,28
5456,72,28
5457,72,28
5458,72,28
5459,72,28
5460,72,28
5461,72,28
5462,72,28
5463,72,28
5464,72,28
5465,72,28
5466,72,28
5467,72,28
5468,72,28
5469,72,28
5470,72,28
5471,72,28
5472,72,28
5473,72,28
5474,72,28
5475,72,28
5476,73,20
5477,73,20
5478,73,20
5479,73,20
5480,73,20
5481,73,20
5482,73,20
5483,73,20
5484,73,20
5485,73,20
5486,73,20
5487,73,20
5488,73,20
5489,73,20
5490,73,20
5491,73,20
5492,73,20
5493,73,20
5494,73,20
5495,73,20
5496,74,56
5497,74,56
5498,74,56
5499,74,56
5500,74,56
5501,74,56
5502,74,56
5503,74,56
5504,74,56
5505,74,56
5506,74,56
5507,74,56
5508,74,56
5509,74,56
5510,74,56
5511,74,56
5512,74,56
5513,74,56
5514,74,56
5515,74,56
5516,74,56
5517,74,56
5518,74,56
5519,74,56
5520,74,56
5521,74,56
5522,74,56
5523,74,56
5524,74,56
5525,74,56
5526,74,56
5527,74,56
5528,74,56
5529,74,56
5530,74,56
5531,74,56
5532,74,56
5533,74,56
5534,74,56
5535,74,56
5536,74,56
5537,74,56
5538,74,56
5539,74,56
5540,74,56
5541,74,56
5542,74,56
5543,74,56
5544,74,56
5545,74,56
5546,74,56
5547,74,56
5548,74,56
5549,74,56
5550,74,56
5551,74,56
5552,75,40
5553,75,40
5554,75,40
5555,75,40
5556,75,40
5557,75,40
5558,75,40
5559,75,40
5560,75,40
5561,75,40
5562,75,40
5563,75,40
5564,75,40
5565,75,40
5566,75,40
5567,75,40
5568,75,40
5569,75,40
5570,75,40
5571,75,40
5572,75,40
5573,75,40
5574,75,40
5575,75,40
5576,75,40
5577,75,40
5578,75,40
5579,75,40
5580,75,40
5581,75,40
5582,75,40
5583,75,40
5584,75,40
5585,75,40
5586,75,40
5587,75,40
5588,75,40
5589,75,40
5590,75,40
5591,75,40
5592,76,31
5593,76,31
5594,76,31
5595,76,31
5596,76,31
5597,76,31
5598,76,31
5599,76,31
5600,76,31
5601,76,31
5602,76,31
5603,76,31
5604,76,31
5605,76,31
5606,76,31
5607,76,31
5608,76,31
5609,76,31
5610,76,31
5611,76,31
5612,76,31
5613,76,31
5614,76,31
5615,76,31
5616,76,31
5617,76,31
5618,76,31
5619,76,31
5620,76,31
5621,76,31
5622,76,31
5623,77,50
5624,77,50
5625,77,50
5626,77,50
5627,77,50
5628,77,50
5629,77,50
5630,77,50
5631,77,50
5632,77,50
5633,77,50
5634,77,50
5635,77,50
5636,77,50
5637,77,50
5638,77,50
5639,77,50
5640,77,50
5641,77,50
5642,77,50
5643,77,50
5644,77,50
5645,77,50
5646,77,50
5647,77,50
5648,77,50
5649,77,50
5650,77,50
5651,77,50
5652,77,50
5653,77,50
5654,77,50
5655,77,50
5656,77,50
5657,77,50
5658,77,50
5659,77,50
5660,77,50
5661,77,50
5662,77,50
5663,77,50
5664,77,50
5665,77,50
5666,77,50
5667,77,50
5668,77,50
5669,77,50
5670,77,50
5671,77,50
5672,77,50
5673,78,40
5674,78,40
5675,78,40
5676,78,40
5677,78,40
5678,78,40
5679,78,40
5680,78,40
5681,78,40
5682,78,40
5683,78,40
5684,78,40
5685,78,40
5686,78,40
5687,78,40
5688,78,40
5689,78,40
5690,78,40
5691,78,40
5692,78,40
5693,78,40
5694,78,40
5695,78,40
5696,78,40
5697,78,40
5698,78,40
5699,78,40
5700,78,40
5701,78,40
5702,78,40
5703,78,40
5704,78,40
5705,78,40
5706,78,40
5707,78,40
5708,78,40
5709,78,40
5710,78,40
5711,78,40
5712,78,40
5713,79,46
5714,79,46
5715,79,46
5716,79,46
5717,79,46
5718,79,46
5719,79,46
5720,79,46
5721,79,46
5722,79,46
5723,79,46
5724,79,46
5725,79,46
5726,79,46
5727,79,46
5728,79,46
5729,79,46
5730,79,46
5731,79,46
5732,79,46
5733,79,46
5734,79,46
5735,79,46
5736,79,46
5737,79,46
5738,79,46
5739,79,46
5740,79,46
5741,79,46
5742,79,46
5743,79,46
5744,79,46
5745,79,46
5746,79,46
5747,79,46
5748,79,46
5749,79,46
5750,79,46
5751,79,46
5752,79,46
5753,79,46
5754,79,46
5755,79,46
5756,79,46
5757,79,46
5758,79,46
5759,80,42
5760,80,42
5761,80,42
5762,80,42
5763,80,42
5764,80,42
5765,80,42
5766,80,42
5767,80,42
5768,80,42
5769,80,42
5770,80,42
5771,80,42
5772,80,42
5773,80,42
5774,80,42
5775,80,42
5776,80,42
5777,80,42
5778,80,42
5779,80,42
5780,80,42
5781,80,42
5782,80,42
5783,80,42
5784,80,42
5785,80,42
5786,80,42
5787,80,42
5788,80,42
5789,80,42
5790,80,42
5791,80,42
5792,80,42
5793,80,42
5794,80,42
5795,80,42
5796,80,42
5797,80,42
5798,80,42
5799,80,42
5800,80,42
5801,81,29
5802,81,29
5803,81,29
5804,81,29
5805,81,29
5806,81,29
5807,81,29
5808,81,29
5809,81,29
5810,81,29
5811,81,29
5812,81,29
5813,81,29
5814,81,29
5815,81,29
5816,81,29
5817,81,29
5818,81,29
5819,81,29
5820,81,29
5821,81,29
5822,81,29
5823,81,29
5824,81,29
5825,81,29
5826,81,29
5827,81,29
5828,81,29
5829,81,29
5830,82,19
5831,82,19
5832,82,19
5833,82,19
5834,82,19
5835,82,19
5836,82,19
5837,82,19
5838,82,19
5839,82,19
5840,82,19
5841,82,19
5842,82,19
5843,82,19
5844,82,19
5845,82,19
5846,82,19
5847,82,19
5848,82,19
5849,83,36
5850,83,36
5851,83,36
5852,83,36
5853,83,36
5854,83,36
5855,83,36
5856,83,36
5857,83,36
5858,83,36
5859,83,36
5860,83,36
5861,83,36
5862,83,36
5863,83,36
5864,83,36
5865,83,36
5866,83,36
5867,83,36
5868,83,36
5869,83,36
5870,83,36
5871,83,36
5872,83,36
5873,83,36
5874,83,36
5875,83,36
5876,83,36
5877,83,36
5878,83,36
5879,83,36
5880,83,36
5881,83,36
5882,83,36
5883,83,36
5884,83,36
5885,84,25
5886,84,25
5887,84,25
5888,84,25
5889,84,25
5890,84,25
5891,84,25
5892,84,25
5893,84,25
5894,84,25
5895,84,25
5896,84,25
5897,84,25
5898,84,25
5899,84,25
5900,84,25
5901,84,25
5902,84,25
5903,84,25
5904,84,25
5905,84,25
5906,84,25
5907,84,25
5908,84,25
5909,84,25
5910,85,22
5911,85,22
5912,85,22
5913,85,22
5914,85,22
5915,85,22
5916,85,22
5917,85,22
5918,85,22
5919,85,22
5920,85,22
5921,85,22
5922,85,22
5923,85,22
5924,85,22
5925,85,22
5926,85,22
5927,85,22
5928,85,22
5929,85,22
5930,85,22
5931,85,22
5932,86,17
5933,86,17
5934,86,17
5935,86,17
5936,86,17
5937,86,17
5938,86,17
5939,86,17
5940,86,17
5941,86,17
5942,86,17
5943,86,17
5944,86,17
5945,86,17
5946,86,17
5947,86,17
5948,86,17
5949,87,19
5950,87,19
5951,87,19
5952,87,19
5953,87,19
5954,87,19
5955,87,19
5956,87,19
5957,87,19
5958,87,19
5959,87,19
5960,87,19
5961,87,19
5962,87,19
5963,87,19
5964,87,19
5965,87,19
5966,87,19
5967,87,19
5968,88,26
5969,88,26
5970,88,26
5971,88,26
5972,88,26
5973,88,26
5974,88,26
5975,88,26
5976,88,26
5977,88,26
5978,88,26
5979,88,26
5980,88,26
5981,88,26
5982,88,26
5983,88,26
5984,88,26
5985,88,26
5986,88,26
5987,88,26
5988,88,26
5989,88,26
5990,88,26
5991,88,26
5992,88,26
5993,88,26
5994,89,30
5995,89,30
5996,89,30
5997,89,30
5998,89,30
5999,89,30
6000,89,30
6001,89,30
6002,89,30
6003,89,30
6004,89,30
6005,89,30
6006,89,30
6007,89,30
6008,89,30
6009,89,30
6010,89,30
6011,89,30
6012,89,30
6013,89,30
6014,89,30
6015,89,30
6016,89,30
6017,89,30
6018,89,30
6019,89,30
6020,89,30
6021,89,30
6022,89,30
6023,89,30
6024,90,20
6025,90,20
6026,90,20
6027,90,20
6028,90,20
6029,90,20
6030,90,20
6031,90,20
6032,90,20
6033,90,20
6034,90,20
6035,90,20
6036,90,20
6037,90,20
6038,90,20
6039,90,20
6040,90,20
6041,90,20
6042,90,20
6043,90,20
6044,91,15
6045,91,15
6046,91,15
6047,91,15
6048,91,15
6049,91,15
6050,91,15
6051,91,15
6052,91,15
6053,91,15
6054,91,15
6055,91,15
6056,91,15
6057,91,15
6058,91,15
6059,92,21
6060,92,21
6061,92,21
6062,92,21
6063,92,21
6064,92,21
6065,92,21
6066,92,21
6067,92,21
6068,92,21
6069,92,21
6070,92,21
6071,92,21
6072,92,21
6073,92,21
6074,92,21
6075,92,21
6076,92,21
6077,92,21
6078,92,21
6079,92,21
6080,93,11
6081,93,11
6082,93,11
6083,93,11
6084,93,11
6085,93,11
6086,93,11
6087,93,11
6088,93,11
6089,93,11
6090,93,11
6091,94,8
6092,94,8
6093,94,8
6094,94,8
6095,94,8
6096,94,8
6097,94,8
6098,94,8
6099,95,8
6100,95,8
6101,95,8
6102,95,8
6103,95,8
6104,95,8
6105,95,8
6106,95,8
6107,96,19
6108,96,19
6109,96,19
6110,96,19
6111,96,19
6112,96,19
6113,96,19
6114,96,19
6115,96,19
6116,96,19
6117,96,19
6118,96,19
6119,96,19
6120,96,19
6121,96,19
6122,96,19
6123,96,19
6124,96,19
6125,96,19
6126,97,5
6127,97,5
6128,97,5
6129,97,5
6130,97,5
6131,98,8
6132,98,8
6133,98,8
6134,98,8
6135,98,8
6136,98,8
6137,98,8
6138,98,8
6139,99,8
6140,99,8
6141,99,8
6142,99,8
6143,99,8
6144,99,8
6145,99,8
6146,99,8
6147,100,11
6148,100,11
6149,100,11
6150,100,11
6151,100,11
6152,100,11
6153,100,11
6154,100,11
6155,100,11
6156,100,11
6157,100,11
6158,101,11
6159,101,11
6160,101,11
6161,101,11
6162,101,11
6163,101,11
6164,101,11
6165,101,11
6166,101,11
6167,101,11
6168,101,11
6169,102,8
6170,102,8
6171,102,8
6172,102,8
6173,102,8
6174,102,8
6175,102,8
6176,102,8
6177,103,3
6178,103,3
6179,103,3
6180,104,9
6181,104,9
6182,104,9
6183,104,9
6184,104,9
6185,104,9
6186,104,9
6187,104,9
6188,104,9
6189,105,5
6190,105,5
6191,105,5
6192,105,5
6193,105,5
6194,106,4
6195,106,4
6196,106,4
6197,106,4
6198,107,7
6199,107,7
6200,107,7
6201,107,7
6202,107,7
6203,107,7
6204,107,7
6205,108,3
6206,108,3
6207,108,3
6208,109,6
6209,109,6
6210,109,6
6211,109,6
6212,109,6
6213,109,6
6214,110,3
6215,110,3
6216,110,3
6217,111,5
6218,111,5
6219,111,5
6220,111,5
6221,111,5
6222,112,4
6223,112,4
6224,112,4
6225,112,4
6226,113,5
6227,113,5
6228,113,5
6229,113,5
6230,113,5
6231,114,6
6232,114,6
6233,114,6
6234,114,6
6235,114,6
6236,114,6
