Ayah_Number,Juz_Number,Juz_length
1,1,148
2,1,148
3,1,148
4,1,148
5,1,148
6,1,148
7,1,148
8,1,148
9,1,148
10,1,148
11,1,148
12,1,148
13,1,148
14,1,148
15,1,148
16,1,148
17,1,148
18,1,148
19,1,148
20,1,148
21,1,148
22,1,148
23,1,148
24,1,148
25,1,148
26,1,148
27,1,148
28,1,148
29,1,148
30,1,148
31,1,148
32,1,148
33,1,148
34,1,148
35,1,148
36,1,148
37,1,148
38,1,148
39,1,148
40,1,148
41,1,148
42,1,148
43,1,148
44,1,148
45,1,148
46,1,148
47,1,148
48,1,148
49,1,148
50,1,148
51,1,148
52,1,148
53,1,148
54,1,148
55,1,148
56,1,148
57,1,148
58,1,148
59,1,148
60,1,148
61,1,148
62,1,148
63,1,148
64,1,148
65,1,148
66,1,148
67,1,148
68,1,148
69,1,148
70,1,148
71,1,148
72,1,148
73,1,148
74,1,148
75,1,148
76,1,148
77,1,148
78,1,148
79,1,148
80,1,148
81,1,148
82,1,148
83,1,148
84,1,148
85,1,148
86,1,148
87,1,148
88,1,148
89,1,148
90,1,148
91,1,148
92,1,148
93,1,148
94,1,148
95,1,148
96,1,148
97,1,148
98,1,148
99,1,148
100,1,148
101,1,148
102,1,148
103,1,148
104,1,148
105,1,148
106,1,148
107,1,148
108,1,148
109,1,148
110,1,148
111,1,148
112,1,148
113,1,148
114,1,148
115,1,148
116,1,148
117,1,148
118,1,148
119,1,148
120,1,148
121,1,148
122,1,148
123,1,148
124,1,148
125,1,148
126,1,148
127,1,148
128,1,148
129,1,148
130,1,148
131,1,148
132,1,148
133,1,148
134,1,148
135,1,148
136,1,148
137,1,148
138,1,148
139,1,148
140,1,148
141,1,148
142,1,148
143,1,148
144,1,148
145,1,148
146,1,148
147,1,148
148,1,148
149,2,111
150,2,111
151,2,111
152,2,111
153,2,111
154,2,111
155,2,111
156,2,111
157,2,111
158,2,111
159,2,111
160,2,111
161,2,111
162,2,111
163,2,111
164,2,111
165,2,111
166,2,111
167,2,111
168,2,111
169,2,111
170,2,111
171,2,111
172,2,111
173,2,111
174,2,111
175,2,111
176,2,111
177,2,111
178,2,111
179,2,111
180,2,111
181,2,111
182,2,111
183,2,111
184,2,111
185,2,111
186,2,111
187,2,111
188,2,111
189,2,111
190,2,111
191,2,111
192,2,111
193,2,111
194,2,111
195,2,111
196,2,111
197,2,111
198,2,111
199,2,111
200,2,111
201,2,111
202,2,111
203,2,111
204,2,111
205,2,111
206,2,111
207,2,111
208,2,111
209,2,111
210,2,111
211,2,111
212,2,111
213,2,111
214,2,111
215,2,111
216,2,111
217,2,111
218,2,111
219,2,111
220,2,111
221,2,111
222,2,111
223,2,111
224,2,111
225,2,111
226,2,111
227,2,111
228,2,111
229,2,111
230,2,111
231,2,111
232,2,111
233,2,111
234,2,111
235,2,111
236,2,111
237,2,111
238,2,111
239,2,111
240,2,111
241,2,111
242,2,111
243,2,111
244,2,111
245,2,111
246,2,111
247,2,111
248,2,111
249,2,111
250,2,111
251,2,111
252,2,111
253,2,111
254,2,111
255,2,111
256,2,111
257,2,111
258,2,111
259,2,111
260,3,126
261,3,126
262,3,126
263,3,126
264,3,126
265,3,126
266,3,126
267,3,126
268,3,126
269,3,126
270,3,126
271,3,126
272,3,126
273,3,126
274,3,126
275,3,126
276,3,126
277,3,126
278,3,126
279,3,126
280,3,126
281,3,126
282,3,126
283,3,126
284,3,126
285,3,126
286,3,126
287,3,126
288,3,126
289,3,126
290,3,126
291,3,126
292,3,126
293,3,126
294,3,126
295,3,126
296,3,126
297,3,126
298,3,126
299,3,126
300,3,126
301,3,126
302,3,126
303,3,126
304,3,126
305,3,126
306,3,126
307,3,126
308,3,126
309,3,126
310,3,126
311,3,126
312,3,126
313,3,126
314,3,126
315,3,126
316,3,126
317,3,126
318,3,126
319,3,126
320,3,126
321,3,126
322,3,126
323,3,126
324,3,126
325,3,126
326,3,126
327,3,126
328,3,126
329,3,126
330,3,126
331,3,126
332,3,126
333,3,126
334,3,126
335,3,126
336,3,126
337,3,126
338,3,126
339,3,126
340,3,126
341,3,126
342,3,126
343,3,126
344,3,126
345,3,126
346,3,126
347,3,126
348,3,126
349,3,126
350,3,126
351,3,126
352,3,126
353,3,126
354,3,126
355,3,126
356,3,126
357,3,126
358,3,126
359,3,126
360,3,126
361,3,126
362,3,126
363,3,126
364,3,126
365,3,126
366,3,126
367,3,126
368,3,126
369,3,126
370,3,126
371,3,126
372,3,126
373,3,126
374,3,126
375,3,126
376,3,126
377,3,126
378,3,126
379,3,126
380,3,126
381,3,126
382,3,126
383,3,126
384,3,126
385,3,126
386,4,131
387,4,131
388,4,131
389,4,131
390,4,131
391,4,131
392,4,131
393,4,131
394,4,131
395,4,131
396,4,131
397,4,131
398,4,131
399,4,131
400,4,131
401,4,131
402,4,131
403,4,131
404,4,131
405,4,131
406,4,131
407,4,131
408,4,131
409,4,131
410,4,131
411,4,131
412,4,131
413,4,131
414,4,131
415,4,131
416,4,131
417,4,131
418,4,131
419,4,131
420,4,131
421,4,131
422,4,131
423,4,131
424,4,131
425,4,131
426,4,131
427,4,131
428,4,131
429,4,131
430,4,131
431,4,131
432,4,131
433,4,131
434,4,131
435,4,131
436,4,131
437,4,131
438,4,131
439,4,131
440,4,131
441,4,131
442,4,131
443,4,131
444,4,131
445,4,131
446,4,131
447,4,131
448,4,131
449,4,131
450,4,131
451,4,131
452,4,131
453,4,131
454,4,131
455,4,131
456,4,131
457,4,131
458,4,131
459,4,131
460,4,131
461,4,131
462,4,131
463,4,131
464,4,131
465,4,131
466,4,131
467,4,131
468,4,131
469,4,131
470,4,131
471,4,131
472,4,131
473,4,131
474,4,131
475,4,131
476,4,131
477,4,131
478,4,131
479,4,131
480,4,131
481,4,131
482,4,131
483,4,131
484,4,131
485,4,131
486,4,131
487,4,131
488,4,131
489,4,131
490,4,131
491,4,131
492,4,131
493,4,131
494,4,131
495,4,131
496,4,131
497,4,131
498,4,131
499,4,131
500,4,131
501,4,131
502,4,131
503,4,131
504,4,131
505,4,131
506,4,131
507,4,131
508,4,131
509,4,131
510,4,131
511,4,131
512,4,131
513,4,131
514,4,131
515,4,131
516,4,131
517,5,124
518,5,124
519,5,124
520,5,124
521,5,124
522,5,124
523,5,124
524,5,124
525,5,124
526,5,124
527,5,124
528,5,124
529,5,124
530,5,124
531,5,124
532,5,124
533,5,124
534,5,124
535,5,124
536,5,124
537,5,124
538,5,124
539,5,124
540,5,124
541,5,124
542,5,124
543,5,124
544,5,124
545,5,124
546,5,124
547,5,124
548,5,124
549,5,124
550,5,124
551,5,124
552,5,124
553,5,124
554,5,124
555,5,124
556,5,124
557,5,124
558,5,124
559,5,124
560,5,124
561,5,124
562,5,124
563,5,124
564,5,124
565,5,124
566,5,124
567,5,124
568,5,124
569,5,124
570,5,124
571,5,124
572,5,124
573,5,124
574,5,124
575,5,124
576,5,124
577,5,124
578,5,124
579,5,124
580,5,124
581,5,124
582,5,124
583,5,124
584,5,124
585,5,124
586,5,124
587,5,124
588,5,124
589,5,124
590,5,124
591,5,124
592,5,124
593,5,124
594,5,124
595,5,124
596,5,124
597,5,124
598,5,124
599,5,124
600,5,124
601,5,124
602,5,124
603,5,124
604,5,124
605,5,124
606,5,124
607,5,124
608,5,124
609,5,124
610,5,124
611,5,124
612,5,124
613,5,124
614,5,124
615,5,124
616,5,124
617,5,124
618,5,124
619,5,124
620,5,124
621,5,124
622,5,124
623,5,124
624,5,124
625,5,124
626,5,124
627,5,124
628,5,124
629,5,124
630,5,124
631,5,124
632,5,124
633,5,124
634,5,124
635,5,124
636,5,124
637,5,124
638,5,124
639,5,124
640,5,124
641,6,110
642,6,110
643,6,110
644,6,110
645,6,110
646,6,110
647,6,110
648,6,110
649,6,110
650,6,110
651,6,110
652,6,110
653,6,110
654,6,110
655,6,110
656,6,110
657,6,110
658,6,110
659,6,110
660,6,110
661,6,110
662,6,110
663,6,110
664,6,110
665,6,110
666,6,110
667,6,110
668,6,110
669,6,110
670,6,110
671,6,110
672,6,110
673,6,110
674,6,110
675,6,110
676,6,110
677,6,110
678,6,110
679,6,110
680,6,110
681,6,110
682,6,110
683,6,110
684,6,110
685,6,110
686,6,110
687,6,110
688,6,110
689,6,110
690,6,110
691,6,110
692,6,110
693,6,110
694,6,110
695,6,110
696,6,110
697,6,110
698,6,110
699,6,110
700,6,110
701,6,110
702,6,110
703,6,110
704,6,110
705,6,110
706,6,110
707,6,110
708,6,110
709,6,110
710,6,110
711,6,110
712,6,110
713,6,110
714,6,110
715,6,110
716,6,110
717,6,110
718,6,110
719,6,110
720,6,110
721,6,110
722,6,110
723,6,110
724,6,110
725,6,110
726,6,110
727,6,110
728,6,110
729,6,110
730,6,110
731,6,110
732,6,110
733,6,110
734,6,110
735,6,110
736,6,110
737,6,110
738,6,110
739,6,110
740,6,110
741,6,110
742,6,110
743,6,110
744,6,110
745,6,110
746,6,110
747,6,110
748,6,110
749,6,110
750,6,110
751,7,149
752,7,149
753,7,149
754,7,149
755,7,149
756,7,149
757,7,149
758,7,149
759,7,149
760,7,149
761,7,149
762,7,149
763,7,149
764,7,149
765,7,149
766,7,149
767,7,149
768,7,149
769,7,149
770,7,149
771,7,149
772,7,149
773,7,149
774,7,149
775,7,149
776,7,149
777,7,149
778,7,149
779,7,149
780,7,149
781,7,149
782,7,149
783,7,149
784,7,149
785,7,149
786,7,149
787,7,149
788,7,149
789,7,149
790,7,149
791,7,149
792,7,149
793,7,149
794,7,149
795,7,149
796,7,149
797,7,149
798,7,149
799,7,149
800,7,149
801,7,149
802,7,149
803,7,149
804,7,149
805,7,149
806,7,149
807,7,149
808,7,149
809,7,149
810,7,149
811,7,149
812,7,149
813,7,149
814,7,149
815,7,149
816,7,149
817,7,149
818,7,149
819,7,149
820,7,149
821,7,149
822,7,149
823,7,149
824,7,149
825,7,149
826,7,149
827,7,149
828,7,149
829,7,149
830,7,149
831,7,149
832,7,149
833,7,149
834,7,149
835,7,149
836,7,149
837,7,149
838,7,149
839,7,149
840,7,149
841,7,149
842,7,149
843,7,149
844,7,149
845,7,149
846,7,149
847,7,149
848,7,149
849,7,149
850,7,149
851,7,149
852,7,149
853,7,149
854,7,149
855,7,149
856,7,149
857,7,149
858,7,149
859,7,149
860,7,149
861,7,149
862,7,149
863,7,149
864,7,149
865,7,149
866,7,149
867,7,149
868,7,149
869,7,149
870,7,149
871,7,149
872,7,149
873,7,149
874,7,149
875,7,149
876,7,149
877,7,149
878,7,149
879,7,149
880,7,149
881,7,149
882,7,149
883,7,149
884,7,149
885,7,149
886,7,149
887,7,149
888,7,149
889,7,149
890,7,149
891,7,149
892,7,149
893,7,149
894,7,149
895,7,149
896,7,149
897,7,149
898,7,149
899,7,149
900,8,142
901,8,142
902,8,142
903,8,142
904,8,142
905,8,142
906,8,142
907,8,142
908,8,142
909,8,142
910,8,142
911,8,142
912,8,142
913,8,142
914,8,142
915,8,142
916,8,142
917,8,142
918,8,142
919,8,142
920,8,142
921,8,142
922,8,142
923,8,142
924,8,142
925,8,142
926,8,142
927,8,142
928,8,142
929,8,142
930,8,142
931,8,142
932,8,142
933,8,142
934,8,142
935,8,142
936,8,142
937,8,142
938,8,142
939,8,142
940,8,142
941,8,142
942,8,142
943,8,142
944,8,142
945,8,142
946,8,142
947,8,142
948,8,142
949,8,142
950,8,142
951,8,142
952,8,142
953,8,142
954,8,142
955,8,142
956,8,142
957,8,142
958,8,142
959,8,142
960,8,142
961,8,142
962,8,142
963,8,142
964,8,142
965,8,142
966,8,142
967,8,142
968,8,142
969,8,142
970,8,142
971,8,142
972,8,142
973,8,142
974,8,142
975,8,142
976,8,142
977,8,142
978,8,142
979,8,142
980,8,142
981,8,142
982,8,142
983,8,142
984,8,142
985,8,142
986,8,142
987,8,142
988,8,142
989,8,142
990,8,142
991,8,142
992,8,142
993,8,142
994,8,142
995,8,142
996,8,142
997,8,142
998,8,142
999,8,142
1000,8,142
1001,8,142
1002,8,142
1003,8,142
1004,8,142
1005,8,142
1006,8,142
1007,8,142
1008,8,142
1009,8,142
1010,8,142
1011,8,142
1012,8,142
1013,8,142
1014,8,142
1015,8,142
1016,8,142
1017,8,142
1018,8,142
1019,8,142
1020,8,142
1021,8,142
1022,8,142
1023,8,142
1024,8,142
1025,8,142
1026,8,142
1027,8,142
1028,8,142
1029,8,142
1030,8,142
1031,8,142
1032,8,142
1033,8,142
1034,8,142
1035,8,142
1036,8,142
1037,8,142
1038,8,142
1039,8,142
1040,8,142
1041,8,142
1042,9,159
1043,9,159
1044,9,159
1045,9,159
1046,9,159
1047,9,159
1048,9,159
1049,9,159
1050,9,159
1051,9,159
1052,9,159
1053,9,159
1054,9,159
1055,9,159
1056,9,159
1057,9,159
1058,9,159
1059,9,159
1060,9,159
1061,9,159
1062,9,159
1063,9,159
1064,9,159
1065,9,159
1066,9,159
1067,9,159
1068,9,159
1069,9,159
1070,9,159
1071,9,159
1072,9,159
1073,9,159
1074,9,159
1075,9,159
1076,9,159
1077,9,159
1078,9,159
1079,9,159
1080,9,159
1081,9,159
1082,9,159
1083,9,159
1084,9,159
1085,9,159
1086,9,159
1087,9,159
1088,9,159
1089,9,159
1090,9,159
1091,9,159
1092,9,159
1093,9,159
1094,9,159
1095,9,159
1096,9,159
1097,9,159
1098,9,159
1099,9,159
1100,9,159
1101,9,159
1102,9,159
1103,9,159
1104,9,159
1105,9,159
1106,9,159
1107,9,159
1108,9,159
1109,9,159
1110,9,159
1111,9,159
1112,9,159
1113,9,159
1114,9,159
1115,9,159
1116,9,159
1117,9,159
1118,9,159
1119,9,159
1120,9,159
1121,9,159
1122,9,159
1123,9,159
1124,9,159
1125,9,159
1126,9,159
1127,9,159
1128,9,159
1129,9,159
1130,9,159
1131,9,159
1132,9,159
1133,9,159
1134,9,159
1135,9,159
1136,9,159
1137,9,159
1138,9,159
1139,9,159
1140,9,159
1141,9,159
1142,9,159
1143,9,159
1144,9,159
1145,9,159
1146,9,159
1147,9,159
1148,9,159
1149,9,159
1150,9,159
1151,9,159
1152,9,159
1153,9,159
1154,9,159
1155,9,159
1156,9,159
1157,9,159
1158,9,159
1159,9,159
1160,9,159
1161,9,159
1162,9,159
1163,9,159
1164,9,159
1165,9,159
1166,9,159
1167,9,159
1168,9,159
1169,9,159
1170,9,159
1171,9,159
1172,9,159
1173,9,159
1174,9,159
1175,9,159
1176,9,159
1177,9,159
1178,9,159
1179,9,159
1180,9,159
1181,9,159
1182,9,159
1183,9,159
1184,9,159
1185,9,159
1186,9,159
1187,9,159
1188,9,159
1189,9,159
1190,9,159
1191,9,159
1192,9,159
1193,9,159
1194,9,159
1195,9,159
1196,9,159
1197,9,159
1198,9,159
1199,9,159
1200,9,159
1201,10,127
1202,10,127
1203,10,127
1204,10,127
1205,10,127
1206,10,127
1207,10,127
1208,10,127
1209,10,127
1210,10,127
1211,10,127
1212,10,127
1213,10,127
1214,10,127
1215,10,127
1216,10,127
1217,10,127
1218,10,127
1219,10,127
1220,10,127
1221,10,127
1222,10,127
1223,10,127
1224,10,127
1225,10,127
1226,10,127
1227,10,127
1228,10,127
1229,10,127
1230,10,127
1231,10,127
1232,10,127
1233,10,127
1234,10,127
1235,10,127
1236,10,127
1237,10,127
1238,10,127
1239,10,127
1240,10,127
1241,10,127
1242,10,127
1243,10,127
1244,10,127
1245,10,127
1246,10,127
1247,10,127
1248,10,127
1249,10,127
1250,10,127
1251,10,127
1252,10,127
1253,10,127
1254,10,127
1255,10,127
1256,10,127
1257,10,127
1258,10,127
1259,10,127
1260,10,127
1261,10,127
1262,10,127
1263,10,127
1264,10,127
1265,10,127
1266,10,127
1267,10,127
1268,10,127
1269,10,127
1270,10,127
1271,10,127
1272,10,127
1273,10,127
1274,10,127
1275,10,127
1276,10,127
1277,10,127
1278,10,127
1279,10,127
1280,10,127
1281,10,127
1282,10,127
1283,10,127
1284,10,127
1285,10,127
1286,10,127
1287,10,127
1288,10,127
1289,10,127
1290,10,127
1291,10,127
1292,10,127
1293,10,127
1294,10,127
1295,10,127
1296,10,127
1297,10,127
1298,10,127
1299,10,127
1300,10,127
1301,10,127
1302,10,127
1303,10,127
1304,10,127
1305,10,127
1306,10,127
1307,10,127
1308,10,127
1309,10,127
1310,10,127
1311,10,127
1312,10,127
1313,10,127
1314,10,127
1315,10,127
1316,10,127
1317,10,127
1318,10,127
1319,10,127
1320,10,127
1321,10,127
1322,10,127
1323,10,127
1324,10,127
1325,10,127
1326,10,127
1327,10,127
1328,11,151
1329,11,151
1330,11,151
1331,11,151
1332,11,151
1333,11,151
1334,11,151
1335,11,151
1336,11,151
1337,11,151
1338,11,151
1339,11,151
1340,11,151
1341,11,151
1342,11,151
1343,11,151
1344,11,151
1345,11,151
1346,11,151
1347,11,151
1348,11,151
1349,11,151
1350,11,151
1351,11,151
1352,11,151
1353,11,151
1354,11,151
1355,11,151
1356,11,151
1357,11,151
1358,11,151
1359,11,151
1360,11,151
1361,11,151
1362,11,151
1363,11,151
1364,11,151
1365,11,151
1366,11,151
1367,11,151
1368,11,151
1369,11,151
1370,11,151
1371,11,151
1372,11,151
1373,11,151
1374,11,151
1375,11,151
1376,11,151
1377,11,151
1378,11,151
1379,11,151
1380,11,151
1381,11,151
1382,11,151
1383,11,151
1384,11,151
1385,11,151
1386,11,151
1387,11,151
1388,11,151
1389,11,151
1390,11,151
1391,11,151
1392,11,151
1393,11,151
1394,11,151
1395,11,151
1396,11,151
1397,11,151
1398,11,151
1399,11,151
1400,11,151
1401,11,151
1402,11,151
1403,11,151
1404,11,151
1405,11,151
1406,11,151
1407,11,151
1408,11,151
1409,11,151
1410,11,151
1411,11,151
1412,11,151
1413,11,151
1414,11,151
1415,11,151
1416,11,151
1417,11,151
1418,11,151
1419,11,151
1420,11,151
1421,11,151
1422,11,151
1423,11,151
1424,11,151
1425,11,151
1426,11,151
1427,11,151
1428,11,151
1429,11,151
1430,11,151
1431,11,151
1432,11,151
1433,11,151
1434,11,151
1435,11,151
1436,11,151
1437,11,151
1438,11,151
1439,11,151
1440,11,151
1441,11,151
1442,11,151
1443,11,151
1444,11,151
1445,11,151
1446,11,151
1447,11,151
1448,11,151
1449,11,151
1450,11,151
1451,11,151
1452,11,151
1453,11,151
1454,11,151
1455,11,151
1456,11,151
1457,11,151
1458,11,151
1459,11,151
1460,11,151
1461,11,151
1462,11,151
1463,11,151
1464,11,151
1465,11,151
1466,11,151
1467,11,151
1468,11,151
1469,11,151
1470,11,151
1471,11,151
1472,11,151
1473,11,151
1474,11,151
1475,11,151
1476,11,151
1477,11,151
1478,11,151
1479,12,170
1480,12,170
1481,12,170
1482,12,170
1483,12,170
1484,12,170
1485,12,170
1486,12,170
1487,12,170
1488,12,170
1489,12,170
1490,12,170
1491,12,170
1492,12,170
1493,12,170
1494,12,170
1495,12,170
1496,12,170
1497,12,170
1498,12,170
1499,12,170
1500,12,170
1501,12,170
1502,12,170
1503,12,170
1504,12,170
1505,12,170
1506,12,170
1507,12,170
1508,12,170
1509,12,170
1510,12,170
1511,12,170
1512,12,170
1513,12,170
1514,12,170
1515,12,170
1516,12,170
1517,12,170
1518,12,170
1519,12,170
1520,12,170
1521,12,170
1522,12,170
1523,12,170
1524,12,170
1525,12,170
1526,12,170
1527,12,170
1528,12,170
1529,12,170
1530,12,170
1531,12,170
1532,12,170
1533,12,170
1534,12,170
1535,12,170
1536,12,170
1537,12,170
1538,12,170
1539,12,170
1540,12,170
1541,12,170
1542,12,170
1543,12,170
1544,12,170
1545,12,170
1546,12,170
1547,12,170
1548,12,170
1549,12,170
1550,12,170
1551,12,170
1552,12,170
1553,12,170
1554,12,170
1555,12,170
1556,12,170
1557,12,170
1558,12,170
1559,12,170
1560,12,170
1561,12,170
1562,12,170
1563,12,170
1564,12,170
1565,12,170
1566,12,170
1567,12,170
1568,12,170
1569,12,170
1570,12,170
1571,12,170
1572,12,170
1573,12,170
1574,12,170
1575,12,170
1576,12,170
1577,12,170
1578,12,170
1579,12,170
1580,12,170
1581,12,170
1582,12,170
1583,12,170
1584,12,170
1585,12,170
1586,12,170
1587,12,170
1588,12,170
1589,12,170
1590,12,170
1591,12,170
1592,12,170
1593,12,170
1594,12,170
1595,12,170
1596,12,170
1597,12,170
1598,12,170
1599,12,170
1600,12,170
1601,12,170
1602,12,170
1603,12,170
1604,12,170
1605,12,170
1606,12,170
1607,12,170
1608,12,170
1609,12,170
1610,12,170
1611,12,170
1612,12,170
1613,12,170
1614,12,170
1615,12,170
1616,12,170
1617,12,170
1618,12,170
1619,12,170
1620,12,170
1621,12,170
1622,12,170
1623,12,170
1624,12,170
1625,12,170
1626,12,170
1627,12,170
1628,12,170
1629,12,170
1630,12,170
1631,12,170
1632,12,170
1633,12,170
1634,12,170
1635,12,170
1636,12,170
1637,12,170
1638,12,170
1639,12,170
1640,12,170
1641,12,170
1642,12,170
1643,12,170
1644,12,170
1645,12,170
1646,12,170
1647,12,170
1648,12,170
1649,13,154
1650,13,154
1651,13,154
1652,13,154
1653,13,154
1654,13,154
1655,13,154
1656,13,154
1657,13,154
1658,13,154
1659,13,154
1660,13,154
1661,13,154
1662,13,154
1663,13,154
1664,13,154
1665,13,154
1666,13,154
1667,13,154
1668,13,154
1669,13,154
1670,13,154
1671,13,154
1672,13,154
1673,13,154
1674,13,154
1675,13,154
1676,13,154
1677,13,154
1678,13,154
1679,13,154
1680,13,154
1681,13,154
1682,13,154
1683,13,154
1684,13,154
1685,13,154
1686,13,154
1687,13,154
1688,13,154
1689,13,154
1690,13,154
1691,13,154
1692,13,154
1693,13,154
1694,13,154
1695,13,154
1696,13,154
1697,13,154
1698,13,154
1699,13,154
1700,13,154
1701,13,154
1702,13,154
1703,13,154
1704,13,154
1705,13,154
1706,13,154
1707,13,154
1708,13,154
1709,13,154
1710,13,154
1711,13,154
1712,13,154
1713,13,154
1714,13,154
1715,13,154
1716,13,154
1717,13,154
1718,13,154
1719,13,154
1720,13,154
1721,13,154
1722,13,154
1723,13,154
1724,13,154
1725,13,154
1726,13,154
1727,13,154
1728,13,154
1729,13,154
1730,13,154
1731,13,154
1732,13,154
1733,13,154
1734,13,154
1735,13,154
1736,13,154
1737,13,154
1738,13,154
1739,13,154
1740,13,154
1741,13,154
1742,13,154
1743,13,154
1744,13,154
1745,13,154
1746,13,154
1747,13,154
1748,13,154
1749,13,154
1750,13,154
1751,13,154
1752,13,154
1753,13,154
1754,13,154
1755,13,154
1756,13,154
1757,13,154
1758,13,154
1759,13,154
1760,13,154
1761,13,154
1762,13,154
1763,13,154
1764,13,154
1765,13,154
1766,13,154
1767,13,154
1768,13,154
1769,13,154
1770,13,154
1771,13,154
1772,13,154
1773,13,154
1774,13,154
1775,13,154
1776,13,154
1777,13,154
1778,13,154
1779,13,154
1780,13,154
1781,13,154
1782,13,154
1783,13,154
1784,13,154
1785,13,154
1786,13,154
1787,13,154
1788,13,154
1789,13,154
1790,13,154
1791,13,154
1792,13,154
1793,13,154
1794,13,154
1795,13,154
1796,13,154
1797,13,154
1798,13,154
1799,13,154
1800,13,154
1801,13,154
1802,13,154
1803,14,227
1804,14,227
1805,14,227
1806,14,227
1807,14,227
1808,14,227
1809,14,227
1810,14,227
1811,14,227
1812,14,227
1813,14,227
1814,14,227
1815,14,227
1816,14,227
1817,14,227
1818,14,227
1819,14,227
1820,14,227
1821,14,227
1822,14,227
1823,14,227
1824,14,227
1825,14,227
1826,14,227
1827,14,227
1828,14,227
1829,14,227
1830,14,227
1831,14,227
1832,14,227
1833,14,227
1834,14,227
1835,14,227
1836,14,227
1837,14,227
1838,14,227
1839,14,227
1840,14,227
1841,14,227
1842,14,227
1843,14,227
1844,14,227
1845,14,227
1846,14,227
1847,14,227
1848,14,227
1849,14,227
1850,14,227
1851,14,227
1852,14,227
1853,14,227
1854,14,227
1855,14,227
1856,14,227
1857,14,227
1858,14,227
1859,14,227
1860,14,227
1861,14,227
1862,14,227
1863,14,227
1864,14,227
1865,14,227
1866,14,227
1867,14,227
1868,14,227
1869,14,227
1870,14,227
1871,14,227
1872,14,227
1873,14,227
1874,14,227
1875,14,227
1876,14,227
1877,14,227
1878,14,227
1879,14,227
1880,14,227
1881,14,227
1882,14,227
1883,14,227
1884,14,227
1885,14,227
1886,14,227
1887,14,227
1888,14,227
1889,14,227
1890,14,227
1891,14,227
1892,14,227
1893,14,227
1894,14,227
1895,14,227
1896,14,227
1897,14,227
1898,14,227
1899,14,227
1900,14,227
1901,14,227
1902,14,227
1903,14,227
1904,14,227
1905,14,227
1906,14,227
1907,14,227
1908,14,227
1909,14,227
1910,14,227
1911,14,227
1912,14,227
1913,14,227
1914,14,227
1915,14,227
1916,14,227
1917,14,227
1918,14,227
1919,14,227
1920,14,227
1921,14,227
1922,14,227
1923,14,227
1924,14,227
1925,14,227
1926,14,227
1927,14,227
1928,14,227
1929,14,227
1930,14,227
1931,14,227
1932,14,227
1933,14,227
1934,14,227
1935,14,227
1936,14,227
1937,14,227
1938,14,227
1939,14,227
1940,14,227
1941,14,227
1942,14,227
1943,14,227
1944,14,227
1945,14,227
1946,14,227
1947,14,227
1948,14,227
1949,14,227
1950,14,227
1951,14,227
1952,14,227
1953,14,227
1954,14,227
1955,14,227
1956,14,227
1957,14,227
1958,14,227
1959,14,227
1960,14,227
1961,14,227
1962,14,227
1963,14,227
1964,14,227
1965,14,227
1966,14,227
1967,14,227
1968,14,227
1969,14,227
1970,14,227
1971,14,227
1972,14,227
1973,14,227
1974,14,227
1975,14,227
1976,14,227
1977,14,227
1978,14,227
1979,14,227
1980,14,227
1981,14,227
1982,14,227
1983,14,227
1984,14,227
1985,14,227
1986,14,227
1987,14,227
1988,14,227
1989,14,227
1990,14,227
1991,14,227
1992,14,227
1993,14,227
1994,14,227
1995,14,227
1996,14,227
1997,14,227
1998,14,227
1999,14,227
2000,14,227
2001,14,227
2002,14,227
2003,14,227
2004,14,227
2005,14,227
2006,14,227
2007,14,227
2008,14,227
2009,14,227
2010,14,227
2011,14,227
2012,14,227
2013,14,227
2014,14,227
2015,14,227
2016,14,227
2017,14,227
2018,14,227
2019,14,227
2020,14,227
2021,14,227
2022,14,227
2023,14,227
2024,14,227
2025,14,227
2026,14,227
2027,14,227
2028,14,227
2029,14,227
2030,15,185
2031,15,185
2032,15,185
2033,15,185
2034,15,185
2035,15,185
2036,15,185
2037,15,185
2038,15,185
2039,15,185
2040,15,185
2041,15,185
2042,15,185
2043,15,185
2044,15,185
2045,15,185
2046,15,185
2047,15,185
2048,15,185
2049,15,185
2050,15,185
2051,15,185
2052,15,185
2053,15,185
2054,15,185
2055,15,185
2056,15,185
2057,15,185
2058,15,185
2059,15,185
2060,15,185
2061,15,185
2062,15,185
2063,15,185
2064,15,185
2065,15,185
2066,15,185
2067,15,185
2068,15,185
2069,15,185
2070,15,185
2071,15,185
2072,15,185
2073,15,185
2074,15,185
2075,15,185
2076,15,185
2077,15,185
2078,15,185
2079,15,185
2080,15,185
2081,15,185
2082,15,185
2083,15,185
2084,15,185
2085,15,185
2086,15,185
2087,15,185
2088,15,185
2089,15,185
2090,15,185
2091,15,185
2092,15,185
2093,15,185
2094,15,185
2095,15,185
2096,15,185
2097,15,185
2098,15,185
2099,15,185
2100,15,185
2101,15,185
2102,15,185
2103,15,185
2104,15,185
2105,15,185
2106,15,185
2107,15,185
2108,15,185
2109,15,185
2110,15,185
2111,15,185
2112,15,185
2113,15,185
2114,15,185
2115,15,185
2116,15,185
2117,15,185
2118,15,185
2119,15,185
2120,15,185
2121,15,185
2122,15,185
2123,15,185
2124,15,185
2125,15,185
2126,15,185
2127,15,185
2128,15,185
2129,15,185
2130,15,185
2131,15,185
2132,15,185
2133,15,185
2134,15,185
2135,15,185
2136,15,185
2137,15,185
2138,15,185
2139,15,185
2140,15,185
2141,15,185
2142,15,185
2143,15,185
2144,15,185
2145,15,185
2146,15,185
2147,15,185
2148,15,185
2149,15,185
2150,15,185
2151,15,185
2152,15,185
2153,15,185
2154,15,185
2155,15,185
2156,15,185
2157,15,185
2158,15,185
2159,15,185
2160,15,185
2161,15,185
2162,15,185
2163,15,185
2164,15,185
2165,15,185
2166,15,185
2167,15,185
2168,15,185
2169,15,185
2170,15,185
2171,15,185
2172,15,185
2173,15,185
2174,15,185
2175,15,185
2176,15,185
2177,15,185
2178,15,185
2179,15,185
2180,15,185
2181,15,185
2182,15,185
2183,15,185
2184,15,185
2185,15,185
2186,15,185
2187,15,185
2188,15,185
2189,15,185
2190,15,185
2191,15,185
2192,15,185
2193,15,185
2194,15,185
2195,15,185
2196,15,185
2197,15,185
2198,15,185
2199,15,185
2200,15,185
2201,15,185
2202,15,185
2203,15,185
2204,15,185
2205,15,185
2206,15,185
2207,15,185
2208,15,185
2209,15,185
2210,15,185
2211,15,185
2212,15,185
2213,15,185
2214,15,185
2215,16,269
2216,16,269
2217,16,269
2218,16,269
2219,16,269
2220,16,269
2221,16,269
2222,16,269
2223,16,269
2224,16,269
2225,16,269
2226,16,269
2227,16,269
2228,16,269
2229,16,269
2230,16,269
2231,16,269
2232,16,269
2233,16,269
2234,16,269
2235,16,269
2236,16,269
2237,16,269
2238,16,269
2239,16,269
2240,16,269
2241,16,269
2242,16,269
2243,16,269
2244,16,269
2245,16,269
2246,16,269
2247,16,269
2248,16,269
2249,16,269
2250,16,269
2251,16,269
2252,16,269
2253,16,269
2254,16,269
2255,16,269
2256,16,269
2257,16,269
2258,16,269
2259,16,269
2260,16,269
2261,16,269
2262,16,269
2263,16,269
2264,16,269
2265,16,269
2266,16,269
2267,16,269
2268,16,269
2269,16,269
2270,16,269
2271,16,269
2272,16,269
2273,16,269
2274,16,269
2275,16,269
2276,16,269
2277,16,269
2278,16,269
2279,16,269
2280,16,269
2281,16,269
2282,16,269
2283,16,269
2284,16,269
2285,16,269
2286,16,269
2287,16,269
2288,16,269
2289,16,269
2290,16,269
2291,16,269
2292,16,269
2293,16,269
2294,16,269
2295,16,269
2296,16,269
2297,16,269
2298,16,269
2299,16,269
2300,16,269
2301,16,269
2302,16,269
2303,16,269
2304,16,269
2305,16,269
2306,16,269
2307,16,269
2308,16,269
2309,16,269
2310,16,269
2311,16,269
2312,16,269
2313,16,269
2314,16,269
2315,16,269
2316,16,269
2317,16,269
2318,16,269
2319,16,269
2320,16,269
2321,16,269
2322,16,269
2323,16,269
2324,16,269
2325,16,269
2326,16,269
2327,16,269
2328,16,269
2329,16,269
2330,16,269
2331,16,269
2332,16,269
2333,16,269
2334,16,269
2335,16,269
2336,16,269
2337,16,269
2338,16,269
2339,16,269
2340,16,269
2341,16,269
2342,16,269
2343,16,269
2344,16,269
2345,16,269
2346,16,269
2347,16,269
2348,16,269
2349,16,269
2350,16,269
2351,16,269
2352,16,269
2353,16,269
2354,16,269
2355,16,269
2356,16,269
2357,16,269
2358,16,269
2359,16,269
2360,16,269
2361,16,269
2362,16,269
2363,16,269
2364,16,269
2365,16,269
2366,16,269
2367,16,269
2368,16,269
2369,16,269
2370,16,269
2371,16,269
2372,16,269
2373,16,269
2374,16,269
2375,16,269
2376,16,269
2377,16,269
2378,16,269
2379,16,269
2380,16,269
2381,16,269
2382,16,269
2383,16,269
2384,16,269
2385,16,269
2386,16,269
2387,16,269
2388,16,269
2389,16,269
2390,16,269
2391,16,269
2392,16,269
2393,16,269
2394,16,269
2395,16,269
2396,16,269
2397,16,269
2398,16,269
2399,16,269
2400,16,269
2401,16,269
2402,16,269
2403,16,269
2404,16,269
2405,16,269
2406,16,269
2407,16,269
2408,16,269
2409,16,269
2410,16,269
2411,16,269
2412,16,269
2413,16,269
2414,16,269
2415,16,269
2416,16,269
2417,16,269
2418,16,269
2419,16,269
2420,16,269
2421,16,269
2422,16,269
2423,16,269
2424,16,269
2425,16,269
2426,16,269
2427,16,269
2428,16,269
2429,16,269
2430,16,269
2431,16,269
2432,16,269
2433,16,269
2434,16,269
2435,16,269
2436,16,269
2437,16,269
2438,16,269
2439,16,269
2440,16,269
2441,16,269
2442,16,269
2443,16,269
2444,16,269
2445,16,269
2446,16,269
2447,16,269
2448,16,269
2449,16,269
2450,16,269
2451,16,269
2452,16,269
2453,16,269
2454,16,269
2455,16,269
2456,16,269
2457,16,269
2458,16,269
2459,16,269
2460,16,269
2461,16,269
2462,16,269
2463,16,269
2464,16,269
2465,16,269
2466,16,269
2467,16,269
2468,16,269
2469,16,269
2470,16,269
2471,16,269
2472,16,269
2473,16,269
2474,16,269
2475,16,269
2476,16,269
2477,16,269
2478,16,269
2479,16,269
2480,16,269
2481,16,269
2482,16,269
2483,16,269
2484,17,190
2485,17,190
2486,17,190
2487,17,190
2488,17,190
2489,17,190
2490,17,190
2491,17,190
2492,17,190
2493,17,190
2494,17,190
2495,17,190
2496,17,190
2497,17,190
2498,17,190
2499,17,190
2500,17,190
2501,17,190
2502,17,190
2503,17,190
2504,17,190
2505,17,190
2506,17,190
2507,17,190
2508,17,190
2509,17,190
2510,17,190
2511,17,190
2512,17,190
2513,17,190
2514,17,190
2515,17,190
2516,17,190
2517,17,190
2518,17,190
2519,17,190
2520,17,190
2521,17,190
2522,17,190
2523,17,190
2524,17,190
2525,17,190
2526,17,190
2527,17,190
2528,17,190
2529,17,190
2530,17,190
2531,17,190
2532,17,190
2533,17,190
2534,17,190
2535,17,190
2536,17,190
2537,17,190
2538,17,190
2539,17,190
2540,17,190
2541,17,190
2542,17,190
2543,17,190
2544,17,190
2545,17,190
2546,17,190
2547,17,190
2548,17,190
2549,17,190
2550,17,190
2551,17,190
2552,17,190
2553,17,190
2554,17,190
2555,17,190
2556,17,190
2557,17,190
2558,17,190
2559,17,190
2560,17,190
2561,17,190
2562,17,190
2563,17,190
2564,17,190
2565,17,190
2566,17,190
2567,17,190
2568,17,190
2569,17,190
2570,17,190
2571,17,190
2572,17,190
2573,17,190
2574,17,190
2575,17,190
2576,17,190
2577,17,190
2578,17,190
2579,17,190
2580,17,190
2581,17,190
2582,17,190
2583,17,190
2584,17,190
2585,17,190
2586,17,190
2587,17,190
2588,17,190
2589,17,190
2590,17,190
2591,17,190
2592,17,190
2593,17,190
2594,17,190
2595,17,190
2596,17,190
2597,17,190
2598,17,190
2599,17,190
2600,17,190
2601,17,190
2602,17,190
2603,17,190
2604,17,190
2605,17,190
2606,17,190
2607,17,190
2608,17,190
2609,17,190
2610,17,190
2611,17,190
2612,17,190
2613,17,190
2614,17,190
2615,17,190
2616,17,190
2617,17,190
2618,17,190
2619,17,190
2620,17,190
2621,17,190
2622,17,190
2623,17,190
2624,17,190
2625,17,190
2626,17,190
2627,17,190
2628,17,190
2629,17,190
2630,17,190
2631,17,190
2632,17,190
2633,17,190
2634,17,190
2635,17,190
2636,17,190
2637,17,190
2638,17,190
2639,17,190
2640,17,190
2641,17,190
2642,17,190
2643,17,190
2644,17,190
2645,17,190
2646,17,190
2647,17,190
2648,17,190
2649,17,190
2650,17,190
2651,17,190
2652,17,190
2653,17,190
2654,17,190
2655,17,190
2656,17,190
2657,17,190
2658,17,190
2659,17,190
2660,17,190
2661,17,190
2662,17,190
2663,17,190
2664,17,190
2665,17,190
2666,17,190
2667,17,190
2668,17,190
2669,17,190
2670,17,190
2671,17,190
2672,17,190
2673,17,190
2674,18,202
2675,18,202
2676,18,202
2677,18,202
2678,18,202
2679,18,202
2680,18,202
2681,18,202
2682,18,202
2683,18,202
2684,18,202
2685,18,202
2686,18,202
2687,18,202
2688,18,202
2689,18,202
2690,18,202
2691,18,202
2692,18,202
2693,18,202
2694,18,202
2695,18,202
2696,18,202
2697,18,202
2698,18,202
2699,18,202
2700,18,202
2701,18,202
2702,18,202
2703,18,202
2704,18,202
2705,18,202
2706,18,202
2707,18,202
2708,18,202
2709,18,202
2710,18,202
2711,18,202
2712,18,202
2713,18,202
2714,18,202
2715,18,202
2716,18,202
2717,18,202
2718,18,202
2719,18,202
2720,18,202
2721,18,202
2722,18,202
2723,18,202
2724,18,202
2725,18,202
2726,18,202
2727,18,202
2728,18,202
2729,18,202
2730,18,202
2731,18,202
2732,18,202
2733,18,202
2734,18,202
2735,18,202
2736,18,202
2737,18,202
2738,18,202
2739,18,202
2740,18,202
2741,18,202
2742,18,202
2743,18,202
2744,18,202
2745,18,202
2746,18,202
2747,18,202
2748,18,202
2749,18,202
2750,18,202
2751,18,202
2752,18,202
2753,18,202
2754,18,202
2755,18,202
2756,18,202
2757,18,202
2758,18,202
2759,18,202
2760,18,202
2761,18,202
2762,18,202
2763,18,202
2764,18,202
2765,18,202
2766,18,202
2767,18,202
2768,18,202
2769,18,202
2770,18,202
2771,18,202
2772,18,202
2773,18,202
2774,18,202
2775,18,202
2776,18,202
2777,18,202
2778,18,202
2779,18,202
2780,18,202
2781,18,202
2782,18,202
2783,18,202
2784,18,202
2785,18,202
2786,18,202
2787,18,202
2788,18,202
2789,18,202
2790,18,202
2791,18,202
2792,18,202
2793,18,202
2794,18,202
2795,18,202
2796,18,202
2797,18,202
2798,18,202
2799,18,202
2800,18,202
2801,18,202
2802,18,202
2803,18,202
2804,18,202
2805,18,202
2806,18,202
2807,18,202
2808,18,202
2809,18,202
2810,18,202
2811,18,202
2812,18,202
2813,18,202
2814,18,202
2815,18,202
2816,18,202
2817,18,202
2818,18,202
2819,18,202
2820,18,202
2821,18,202
2822,18,202
2823,18,202
2824,18,202
2825,18,202
2826,18,202
2827,18,202
2828,18,202
2829,18,202
2830,18,202
2831,18,202
2832,18,202
2833,18,202
2834,18,202
2835,18,202
2836,18,202
2837,18,202
2838,18,202
2839,18,202
2840,18,202
2841,18,202
2842,18,202
2843,18,202
2844,18,202
2845,18,202
2846,18,202
2847,18,202
2848,18,202
2849,18,202
2850,18,202
2851,18,202
2852,18,202
2853,18,202
2854,18,202
2855,18,202
2856,18,202
2857,18,202
2858,18,202
2859,18,202
2860,18,202
2861,18,202
2862,18,202
2863,18,202
2864,18,202
2865,18,202
2866,18,202
2867,18,202
2868,18,202
2869,18,202
2870,18,202
2871,18,202
2872,18,202
2873,18,202
2874,18,202
2875,18,202
2876,19,339
2877,19,339
2878,19,339
2879,19,339
2880,19,339
2881,19,339
2882,19,339
2883,19,339
2884,19,339
2885,19,339
2886,19,339
2887,19,339
2888,19,339
2889,19,339
2890,19,339
2891,19,339
2892,19,339
2893,19,339
2894,19,339
2895,19,339
2896,19,339
2897,19,339
2898,19,339
2899,19,339
2900,19,339
2901,19,339
2902,19,339
2903,19,339
2904,19,339
2905,19,339
2906,19,339
2907,19,339
2908,19,339
2909,19,339
2910,19,339
2911,19,339
2912,19,339
2913,19,339
2914,19,339
2915,19,339
2916,19,339
2917,19,339
2918,19,339
2919,19,339
2920,19,339
2921,19,339
2922,19,339
2923,19,339
2924,19,339
2925,19,339
2926,19,339
2927,19,339
2928,19,339
2929,19,339
2930,19,339
2931,19,339
2932,19,339
2933,19,339
2934,19,339
2935,19,339
2936,19,339
2937,19,339
2938,19,339
2939,19,339
2940,19,339
2941,19,339
2942,19,339
2943,19,339
2944,19,339
2945,19,339
2946,19,339
2947,19,339
2948,19,339
2949,19,339
2950,19,339
2951,19,339
2952,19,339
2953,19,339
2954,19,339
2955,19,339
2956,19,339
2957,19,339
2958,19,339
2959,19,339
2960,19,339
2961,19,339
2962,19,339
2963,19,339
2964,19,339
2965,19,339
2966,19,339
2967,19,339
2968,19,339
2969,19,339
2970,19,339
2971,19,339
2972,19,339
2973,19,339
2974,19,339
2975,19,339
2976,19,339
2977,19,339
2978,19,339
2979,19,339
2980,19,339
2981,19,339
2982,19,339
2983,19,339
2984,19,339
2985,19,339
2986,19,339
2987,19,339
2988,19,339
2989,19,339
2990,19,339
2991,19,339
2992,19,339
2993,19,339
2994,19,339
2995,19,339
2996,19,339
2997,19,339
2998,19,339
2999,19,339
3000,19,339
3001,19,339
3002,19,339
3003,19,339
3004,19,339
3005,19,339
3006,19,339
3007,19,339
3008,19,339
3009,19,339
3010,19,339
3011,19,339
3012,19,339
3013,19,339
3014,19,339
3015,19,339
3016,19,339
3017,19,339
3018,19,339
3019,19,339
3020,19,339
3021,19,339
3022,19,339
3023,19,339
3024,19,339
3025,19,339
3026,19,339
3027,19,339
3028,19,339
3029,19,339
3030,19,339
3031,19,339
3032,19,339
3033,19,339
3034,19,339
3035,19,339
3036,19,339
3037,19,339
3038,19,339
3039,19,339
3040,19,339
3041,19,339
3042,19,339
3043,19,339
3044,19,339
3045,19,339
3046,19,339
3047,19,339
3048,19,339
3049,19,339
3050,19,339
3051,19,339
3052,19,339
3053,19,339
3054,19,339
3055,19,339
3056,19,339
3057,19,339
3058,19,339
3059,19,339
3060,19,339
3061,19,339
3062,19,339
3063,19,339
3064,19,339
3065,19,339
3066,19,339
3067,19,339
3068,19,339
3069,19,339
3070,19,339
3071,19,339
3072,19,339
3073,19,339
3074,19,339
3075,19,339
3076,19,339
3077,19,339
3078,19,339
3079,19,339
3080,19,339
3081,19,339
3082,19,339
3083,19,339
3084,19,339
3085,19,339
3086,19,339
3087,19,339
3088,19,339
3089,19,339
3090,19,339
3091,19,339
3092,19,339
3093,19,339
3094,19,339
3095,19,339
3096,19,339
3097,19,339
3098,19,339
3099,19,339
3100,19,339
3101,19,339
3102,19,339
3103,19,339
3104,19,339
3105,19,339
3106,19,339
3107,19,339
3108,19,339
3109,19,339
3110,19,339
3111,19,339
3112,19,339
3113,19,339
3114,19,339
3115,19,339
3116,19,339
3117,19,339
3118,19,339
3119,19,339
3120,19,339
3121,19,339
3122,19,339
3123,19,339
3124,19,339
3125,19,339
3126,19,339
3127,19,339
3128,19,339
3129,19,339
3130,19,339
3131,19,339
3132,19,339
3133,19,339
3134,19,339
3135,19,339
3136,19,339
3137,19,339
3138,19,339
3139,19,339
3140,19,339
3141,19,339
3142,19,339
3143,19,339
3144,19,339
3145,19,339
3146,19,339
3147,19,339
3148,19,339
3149,19,339
3150,19,339
3151,19,339
3152,19,339
3153,19,339
3154,19,339
3155,19,339
3156,19,339
3157,19,339
3158,19,339
3159,19,339
3160,19,339
3161,19,339
3162,19,339
3163,19,339
3164,19,339
3165,19,339
3166,19,339
3167,19,339
3168,19,339
3169,19,339
3170,19,339
3171,19,339
3172,19,339
3173,19,339
3174,19,339
3175,19,339
3176,19,339
3177,19,339
3178,19,339
3179,19,339
3180,19,339
3181,19,339
3182,19,339
3183,19,339
3184,19,339
3185,19,339
3186,19,339
3187,19,339
3188,19,339
3189,19,339
3190,19,339
3191,19,339
3192,19,339
3193,19,339
3194,19,339
3195,19,339
3196,19,339
3197,19,339
3198,19,339
3199,19,339
3200,19,339
3201,19,339
3202,19,339
3203,19,339
3204,19,339
3205,19,339
3206,19,339
3207,19,339
3208,19,339
3209,19,339
3210,19,339
3211,19,339
3212,19,339
3213,19,339
3214,19,339
3215,20,171
3216,20,171
3217,20,171
3218,20,171
3219,20,171
3220,20,171
3221,20,171
3222,20,171
3223,20,171
3224,20,171
3225,20,171
3226,20,171
3227,20,171
3228,20,171
3229,20,171
3230,20,171
3231,20,171
3232,20,171
3233,20,171
3234,20,171
3235,20,171
3236,20,171
3237,20,171
3238,20,171
3239,20,171
3240,20,171
3241,20,171
3242,20,171
3243,20,171
3244,20,171
3245,20,171
3246,20,171
3247,20,171
3248,20,171
3249,20,171
3250,20,171
3251,20,171
3252,20,171
3253,20,171
3254,20,171
3255,20,171
3256,20,171
3257,20,171
3258,20,171
3259,20,171
3260,20,171
3261,20,171
3262,20,171
3263,20,171
3264,20,171
3265,20,171
3266,20,171
3267,20,171
3268,20,171
3269,20,171
3270,20,171
3271,20,171
3272,20,171
3273,20,171
3274,20,171
3275,20,171
3276,20,171
3277,20,171
3278,20,171
3279,20,171
3280,20,171
3281,20,171
3282,20,171
3283,20,171
3284,20,171
3285,20,171
3286,20,171
3287,20,171
3288,20,171
3289,20,171
3290,20,171
3291,20,171
3292,20,171
3293,20,171
3294,20,171
3295,20,171
3296,20,171
3297,20,171
3298,20,171
3299,20,171
3300,20,171
3301,20,171
3302,20,171
3303,20,171
3304,20,171
3305,20,171
3306,20,171
3307,20,171
3308,20,171
3309,20,171
3310,20,171
3311,20,171
3312,20,171
3313,20,171
3314,20,171
3315,20,171
3316,20,171
3317,20,171
3318,20,171
3319,20,171
3320,20,171
3321,20,171
3322,20,171
3323,20,171
3324,20,171
3325,20,171
3326,20,171
3327,20,171
3328,20,171
3329,20,171
3330,20,171
3331,20,171
3332,20,171
3333,20,171
3334,20,171
3335,20,171
3336,20,171
3337,20,171
3338,20,171
3339,20,171
3340,20,171
3341,20,171
3342,20,171
3343,20,171
3344,20,171
3345,20,171
3346,20,171
3347,20,171
3348,20,171
3349,20,171
3350,20,171
3351,20,171
3352,20,171
3353,20,171
3354,20,171
3355,20,171
3356,20,171
3357,20,171
3358,20,171
3359,20,171
3360,20,171
3361,20,171
3362,20,171
3363,20,171
3364,20,171
3365,20,171
3366,20,171
3367,20,171
3368,20,171
3369,20,171
3370,20,171
3371,20,171
3372,20,171
3373,20,171
3374,20,171
3375,20,171
3376,20,171
3377,20,171
3378,20,171
3379,20,171
3380,20,171
3381,20,171
3382,20,171
3383,20,171
3384,20,171
3385,20,171
3386,21,178
3387,21,178
3388,21,178
3389,21,178
3390,21,178
3391,21,178
3392,21,178
3393,21,178
3394,21,178
3395,21,178
3396,21,178
3397,21,178
3398,21,178
3399,21,178
3400,21,178
3401,21,178
3402,21,178
3403,21,178
3404,21,178
3405,21,178
3406,21,178
3407,21,178
3408,21,178
3409,21,178
3410,21,178
3411,21,178
3412,21,178
3413,21,178
3414,21,178
3415,21,178
3416,21,178
3417,21,178
3418,21,178
3419,21,178
3420,21,178
3421,21,178
3422,21,178
3423,21,178
3424,21,178
3425,21,178
3426,21,178
3427,21,178
3428,21,178
3429,21,178
3430,21,178
3431,21,178
3432,21,178
3433,21,178
3434,21,178
3435,21,178
3436,21,178
3437,21,178
3438,21,178
3439,21,178
3440,21,178
3441,21,178
3442,21,178
3443,21,178
3444,21,178
3445,21,178
3446,21,178
3447,21,178
3448,21,178
3449,21,178
3450,21,178
3451,21,178
3452,21,178
3453,21,178
3454,21,178
3455,21,178
3456,21,178
3457,21,178
3458,21,178
3459,21,178
3460,21,178
3461,21,178
3462,21,178
3463,21,178
3464,21,178
3465,21,178
3466,21,178
3467,21,178
3468,21,178
3469,21,178
3470,21,178
3471,21,178
3472,21,178
3473,21,178
3474,21,178
3475,21,178
3476,21,178
3477,21,178
3478,21,178
3479,21,178
3480,21,178
3481,21,178
3482,21,178
3483,21,178
3484,21,178
3485,21,178
3486,21,178
3487,21,178
3488,21,178
3489,21,178
3490,21,178
3491,21,178
3492,21,178
3493,21,178
3494,21,178
3495,21,178
3496,21,178
3497,21,178
3498,21,178
3499,21,178
3500,21,178
3501,21,178
3502,21,178
3503,21,178
3504,21,178
3505,21,178
3506,21,178
3507,21,178
3508,21,178
3509,21,178
3510,21,178
3511,21,178
3512,21,178
3513,21,178
3514,21,178
3515,21,178
3516,21,178
3517,21,178
3518,21,178
3519,21,178
3520,21,178
3521,21,178
3522,21,178
3523,21,178
3524,21,178
3525,21,178
3526,21,178
3527,21,178
3528,21,178
3529,21,178
3530,21,178
3531,21,178
3532,21,178
3533,21,178
3534,21,178
3535,21,178
3536,21,178
3537,21,178
3538,21,178
3539,21,178
3540,21,178
3541,21,178
3542,21,178
3543,21,178
3544,21,178
3545,21,178
3546,21,178
3547,21,178
3548,21,178
3549,21,178
3550,21,178
3551,21,178
3552,21,178
3553,21,178
3554,21,178
3555,21,178
3556,21,178
3557,21,178
3558,21,178
3559,21,178
3560,21,178
3561,21,178
3562,21,178
3563,21,178
3564,22,169
3565,22,169
3566,22,169
3567,22,169
3568,22,169
3569,22,169
3570,22,169
3571,22,169
3572,22,169
3573,22,169
3574,22,169
3575,22,169
3576,22,169
3577,22,169
3578,22,169
3579,22,169
3580,22,169
3581,22,169
3582,22,169
3583,22,169
3584,22,169
3585,22,169
3586,22,169
3587,22,169
3588,22,169
3589,22,169
3590,22,169
3591,22,169
3592,22,169
3593,22,169
3594,22,169
3595,22,169
3596,22,169
3597,22,169
3598,22,169
3599,22,169
3600,22,169
3601,22,169
3602,22,169
3603,22,169
3604,22,169
3605,22,169
3606,22,169
3607,22,169
3608,22,169
3609,22,169
3610,22,169
3611,22,169
3612,22,169
3613,22,169
3614,22,169
3615,22,169
3616,22,169
3617,22,169
3618,22,169
3619,22,169
3620,22,169
3621,22,169
3622,22,169
3623,22,169
3624,22,169
3625,22,169
3626,22,169
3627,22,169
3628,22,169
3629,22,169
3630,22,169
3631,22,169
3632,22,169
3633,22,169
3634,22,169
3635,22,169
3636,22,169
3637,22,169
3638,22,169
3639,22,169
3640,22,169
3641,22,169
3642,22,169
3643,22,169
3644,22,169
3645,22,169
3646,22,169
3647,22,169
3648,22,169
3649,22,169
3650,22,169
3651,22,169
3652,22,169
3653,22,169
3654,22,169
3655,22,169
3656,22,169
3657,22,169
3658,22,169
3659,22,169
3660,22,169
3661,22,169
3662,22,169
3663,22,169
3664,22,169
3665,22,169
3666,22,169
3667,22,169
3668,22,169
3669,22,169
3670,22,169
3671,22,169
3672,22,169
3673,22,169
3674,22,169
3675,22,169
3676,22,169
3677,22,169
3678,22,169
3679,22,169
3680,22,169
3681,22,169
3682,22,169
3683,22,169
3684,22,169
3685,22,169
3686,22,169
3687,22,169
3688,22,169
3689,22,169
3690,22,169
3691,22,169
3692,22,169
3693,22,169
3694,22,169
3695,22,169
3696,22,169
3697,22,169
3698,22,169
3699,22,169
3700,22,169
3701,22,169
3702,22,169
3703,22,169
3704,22,169
3705,22,169
3706,22,169
3707,22,169
3708,22,169
3709,22,169
3710,22,169
3711,22,169
3712,22,169
3713,22,169
3714,22,169
3715,22,169
3716,22,169
3717,22,169
3718,22,169
3719,22,169
3720,22,169
3721,22,169
3722,22,169
3723,22,169
3724,22,169
3725,22,169
3726,22,169
3727,22,169
3728,22,169
3729,22,169
3730,22,169
3731,22,169
3732,22,169
3733,23,357
3734,23,357
3735,23,357
3736,23,357
3737,23,357
3738,23,357
3739,23,357
3740,23,357
3741,23,357
3742,23,357
3743,23,357
3744,23,357
3745,23,357
3746,23,357
3747,23,357
3748,23,357
3749,23,357
3750,23,357
3751,23,357
3752,23,357
3753,23,357
3754,23,357
3755,23,357
3756,23,357
3757,23,357
3758,23,357
3759,23,357
3760,23,357
3761,23,357
3762,23,357
3763,23,357
3764,23,357
3765,23,357
3766,23,357
3767,23,357
3768,23,357
3769,23,357
3770,23,357
3771,23,357
3772,23,357
3773,23,357
3774,23,357
3775,23,357
3776,23,357
3777,23,357
3778,23,357
3779,23,357
3780,23,357
3781,23,357
3782,23,357
3783,23,357
3784,23,357
3785,23,357
3786,23,357
3787,23,357
3788,23,357
3789,23,357
3790,23,357
3791,23,357
3792,23,357
3793,23,357
3794,23,357
3795,23,357
3796,23,357
3797,23,357
3798,23,357
3799,23,357
3800,23,357
3801,23,357
3802,23,357
3803,23,357
3804,23,357
3805,23,357
3806,23,357
3807,23,357
3808,23,357
3809,23,357
3810,23,357
3811,23,357
3812,23,357
3813,23,357
3814,23,357
3815,23,357
3816,23,357
3817,23,357
3818,23,357
3819,23,357
3820,23,357
3821,23,357
3822,23,357
3823,23,357
3824,23,357
3825,23,357
3826,23,357
3827,23,357
3828,23,357
3829,23,357
3830,23,357
3831,23,357
3832,23,357
3833,23,357
3834,23,357
3835,23,357
3836,23,357
3837,23,357
3838,23,357
3839,23,357
3840,23,357
3841,23,357
3842,23,357
3843,23,357
3844,23,357
3845,23,357
3846,23,357
3847,23,357
3848,23,357
3849,23,357
3850,23,357
3851,23,357
3852,23,357
3853,23,357
3854,23,357
3855,23,357
3856,23,357
3857,23,357
3858,23,357
3859,23,357
3860,23,357
3861,23,357
3862,23,357
3863,23,357
3864,23,357
3865,23,357
3866,23,357
3867,23,357
3868,23,357
3869,23,357
3870,23,357
3871,23,357
3872,23,357
3873,23,357
3874,23,357
3875,23,357
3876,23,357
3877,23,357
3878,23,357
3879,23,357
3880,23,357
3881,23,357
3882,23,357
3883,23,357
3884,23,357
3885,23,357
3886,23,357
3887,23,357
3888,23,357
3889,23,357
3890,23,357
3891,23,357
3892,23,357
3893,23,357
3894,23,357
3895,23,357
3896,23,357
3897,23,357
3898,23,357
3899,23,357
3900,23,357
3901,23,357
3902,23,357
3903,23,357
3904,23,357
3905,23,357
3906,23,357
3907,23,357
3908,23,357
3909,23,357
3910,23,357
3911,23,357
3912,23,357
3913,23,357
3914,23,357
3915,23,357
3916,23,357
3917,23,357
3918,23,357
3919,23,357
3920,23,357
3921,23,357
3922,23,357
3923,23,357
3924,23,357
3925,23,357
3926,23,357
3927,23,357
3928,23,357
3929,23,357
3930,23,357
3931,23,357
3932,23,357
3933,23,357
3934,23,357
3935,23,357
3936,23,357
3937,23,357
3938,23,357
3939,23,357
3940,23,357
3941,23,357
3942,23,357
3943,23,357
3944,23,357
3945,23,357
3946,23,357
3947,23,357
3948,23,357
3949,23,357
3950,23,357
3951,23,357
3952,23,357
3953,23,357
3954,23,357
3955,23,357
3956,23,357
3957,23,357
3958,23,357
3959,23,357
3960,23,357
3961,23,357
3962,23,357
3963,23,357
3964,23,357
3965,23,357
3966,23,357
3967,23,357
3968,23,357
3969,23,357
3970,23,357
3971,23,357
3972,23,357
3973,23,357
3974,23,357
3975,23,357
3976,23,357
3977,23,357
3978,23,357
3979,23,357
3980,23,357
3981,23,357
3982,23,357
3983,23,357
3984,23,357
3985,23,357
3986,23,357
3987,23,357
3988,23,357
3989,23,357
3990,23,357
3991,23,357
3992,23,357
3993,23,357
3994,23,357
3995,23,357
3996,23,357
3997,23,357
3998,23,357
3999,23,357
4000,23,357
4001,23,357
4002,23,357
4003,23,357
4004,23,357
4005,23,357
4006,23,357
4007,23,357
4008,23,357
4009,23,357
4010,23,357
4011,23,357
4012,23,357
4013,23,357
4014,23,357
4015,23,357
4016,23,357
4017,23,357
4018,23,357
4019,23,357
4020,23,357
4021,23,357
4022,23,357
4023,23,357
4024,23,357
4025,23,357
4026,23,357
4027,23,357
4028,23,357
4029,23,357
4030,23,357
4031,23,357
4032,23,357
4033,23,357
4034,23,357
4035,23,357
4036,23,357
4037,23,357
4038,23,357
4039,23,357
4040,23,357
4041,23,357
4042,23,357
4043,23,357
4044,23,357
4045,23,357
4046,23,357
4047,23,357
4048,23,357
4049,23,357
4050,23,357
4051,23,357
4052,23,357
4053,23,357
4054,23,357
4055,23,357
4056,23,357
4057,23,357
4058,23,357
4059,23,357
4060,23,357
4061,23,357
4062,23,357
4063,23,357
4064,23,357
4065,23,357
4066,23,357
4067,23,357
4068,23,357
4069,23,357
4070,23,357
4071,23,357
4072,23,357
4073,23,357
4074,23,357
4075,23,357
4076,23,357
4077,23,357
4078,23,357
4079,23,357
4080,23,357
4081,23,357
4082,23,357
4083,23,357
4084,23,357
4085,23,357
4086,23,357
4087,23,357
4088,23,357
4089,23,357
4090,24,175
4091,24,175
4092,24,175
4093,24,175
4094,24,175
4095,24,175
4096,24,175
4097,24,175
4098,24,175
4099,24,175
4100,24,175
4101,24,175
4102,24,175
4103,24,175
4104,24,175
4105,24,175
4106,24,175
4107,24,175
4108,24,175
4109,24,175
4110,24,175
4111,24,175
4112,24,175
4113,24,175
4114,24,175
4115,24,175
4116,24,175
4117,24,175
4118,24,175
4119,24,175
4120,24,175
4121,24,175
4122,24,175
4123,24,175
4124,24,175
4125,24,175
4126,24,175
4127,24,175
4128,24,175
4129,24,175
4130,24,175
4131,24,175
4132,24,175
4133,24,175
4134,24,175
4135,24,175
4136,24,175
4137,24,175
4138,24,175
4139,24,175
4140,24,175
4141,24,175
4142,24,175
4143,24,175
4144,24,175
4145,24,175
4146,24,175
4147,24,175
4148,24,175
4149,24,175
4150,24,175
4151,24,175
4152,24,175
4153,24,175
4154,24,175
4155,24,175
4156,24,175
4157,24,175
4158,24,175
4159,24,175
4160,24,175
4161,24,175
4162,24,175
4163,24,175
4164,24,175
4165,24,175
4166,24,175
4167,24,175
4168,24,175
4169,24,175
4170,24,175
4171,24,175
4172,24,175
4173,24,175
4174,24,175
4175,24,175
4176,24,175
4177,24,175
4178,24,175
4179,24,175
4180,24,175
4181,24,175
4182,24,175
4183,24,175
4184,24,175
4185,24,175
4186,24,175
4187,24,175
4188,24,175
4189,24,175
4190,24,175
4191,24,175
4192,24,175
4193,24,175
4194,24,175
4195,24,175
4196,24,175
4197,24,175
4198,24,175
4199,24,175
4200,24,175
4201,24,175
4202,24,175
4203,24,175
4204,24,175
4205,24,175
4206,24,175
4207,24,175
4208,24,175
4209,24,175
4210,24,175
4211,24,175
4212,24,175
4213,24,175
4214,24,175
4215,24,175
4216,24,175
4217,24,175
4218,24,175
4219,24,175
4220,24,175
4221,24,175
4222,24,175
4223,24,175
4224,24,175
4225,24,175
4226,24,175
4227,24,175
4228,24,175
4229,24,175
4230,24,175
4231,24,175
4232,24,175
4233,24,175
4234,24,175
4235,24,175
4236,24,175
4237,24,175
4238,24,175
4239,24,175
4240,24,175
4241,24,175
4242,24,175
4243,24,175
4244,24,175
4245,24,175
4246,24,175
4247,24,175
4248,24,175
4249,24,175
4250,24,175
4251,24,175
4252,24,175
4253,24,175
4254,24,175
4255,24,175
4256,24,175
4257,24,175
4258,24,175
4259,24,175
4260,24,175
4261,24,175
4262,24,175
4263,24,175
4264,24,175
4265,25,246
4266,25,246
4267,25,246
4268,25,246
4269,25,246
4270,25,246
4271,25,246
4272,25,246
4273,25,246
4274,25,246
4275,25,246
4276,25,246
4277,25,246
4278,25,246
4279,25,246
4280,25,246
4281,25,246
4282,25,246
4283,25,246
4284,25,246
4285,25,246
4286,25,246
4287,25,246
4288,25,246
4289,25,246
4290,25,246
4291,25,246
4292,25,246
4293,25,246
4294,25,246
4295,25,246
4296,25,246
4297,25,246
4298,25,246
4299,25,246
4300,25,246
4301,25,246
4302,25,246
4303,25,246
4304,25,246
4305,25,246
4306,25,246
4307,25,246
4308,25,246
4309,25,246
4310,25,246
4311,25,246
4312,25,246
4313,25,246
4314,25,246
4315,25,246
4316,25,246
4317,25,246
4318,25,246
4319,25,246
4320,25,246
4321,25,246
4322,25,246
4323,25,246
4324,25,246
4325,25,246
4326,25,246
4327,25,246
4328,25,246
4329,25,246
4330,25,246
4331,25,246
4332,25,246
4333,25,246
4334,25,246
4335,25,246
4336,25,246
4337,25,246
4338,25,246
4339,25,246
4340,25,246
4341,25,246
4342,25,246
4343,25,246
4344,25,246
4345,25,246
4346,25,246
4347,25,246
4348,25,246
4349,25,246
4350,25,246
4351,25,246
4352,25,246
4353,25,246
4354,25,246
4355,25,246
4356,25,246
4357,25,246
4358,25,246
4359,25,246
4360,25,246
4361,25,246
4362,25,246
4363,25,246
4364,25,246
4365,25,246
4366,25,246
4367,25,246
4368,25,246
4369,25,246
4370,25,246
4371,25,246
4372,25,246
4373,25,246
4374,25,246
4375,25,246
4376,25,246
4377,25,246
4378,25,246
4379,25,246
4380,25,246
4381,25,246
4382,25,246
4383,25,246
4384,25,246
4385,25,246
4386,25,246
4387,25,246
4388,25,246
4389,25,246
4390,25,246
4391,25,246
4392,25,246
4393,25,246
4394,25,246
4395,25,246
4396,25,246
4397,25,246
4398,25,246
4399,25,246
4400,25,246
4401,25,246
4402,25,246
4403,25,246
4404,25,246
4405,25,246
4406,25,246
4407,25,246
4408,25,246
4409,25,246
4410,25,246
4411,25,246
4412,25,246
4413,25,246
4414,25,246
4415,25,246
4416,25,246
4417,25,246
4418,25,246
4419,25,246
4420,25,246
4421,25,246
4422,25,246
4423,25,246
4424,25,246
4425,25,246
4426,25,246
4427,25,246
4428,25,246
4429,25,246
4430,25,246
4431,25,246
4432,25,246
4433,25,246
4434,25,246
4435,25,246
4436,25,246
4437,25,246
4438,25,246
4439,25,246
4440,25,246
4441,25,246
4442,25,246
4443,25,246
4444,25,246
4445,25,246
4446,25,246
4447,25,246
4448,25,246
4449,25,246
4450,25,246
4451,25,246
4452,25,246
4453,25,246
4454,25,246
4455,25,246
4456,25,246
4457,25,246
4458,25,246
4459,25,246
4460,25,246
4461,25,246
4462,25,246
4463,25,246
4464,25,246
4465,25,246
4466,25,246
4467,25,246
4468,25,246
4469,25,246
4470,25,246
4471,25,246
4472,25,246
4473,25,246
4474,25,246
4475,25,246
4476,25,246
4477,25,246
4478,25,246
4479,25,246
4480,25,246
4481,25,246
4482,25,246
4483,25,246
4484,25,246
4485,25,246
4486,25,246
4487,25,246
4488,25,246
4489,25,246
4490,25,246
4491,25,246
4492,25,246
4493,25,246
4494,25,246
4495,25,246
4496,25,246
4497,25,246
4498,25,246
4499,25,246
4500,25,246
4501,25,246
4502,25,246
4503,25,246
4504,25,246
4505,25,246
4506,25,246
4507,25,246
4508,25,246
4509,25,246
4510,25,246
4511,26,195
4512,26,195
4513,26,195
4514,26,195
4515,26,195
4516,26,195
4517,26,195
4518,26,195
4519,26,195
4520,26,195
4521,26,195
4522,26,195
4523,26,195
4524,26,195
4525,26,195
4526,26,195
4527,26,195
4528,26,195
4529,26,195
4530,26,195
4531,26,195
4532,26,195
4533,26,195
4534,26,195
4535,26,195
4536,26,195
4537,26,195
4538,26,195
4539,26,195
4540,26,195
4541,26,195
4542,26,195
4543,26,195
4544,26,195
4545,26,195
4546,26,195
4547,26,195
4548,26,195
4549,26,195
4550,26,195
4551,26,195
4552,26,195
4553,26,195
4554,26,195
4555,26,195
4556,26,195
4557,26,195
4558,26,195
4559,26,195
4560,26,195
4561,26,195
4562,26,195
4563,26,195
4564,26,195
4565,26,195
4566,26,195
4567,26,195
4568,26,195
4569,26,195
4570,26,195
4571,26,195
4572,26,195
4573,26,195
4574,26,195
4575,26,195
4576,26,195
4577,26,195
4578,26,195
4579,26,195
4580,26,195
4581,26,195
4582,26,195
4583,26,195
4584,26,195
4585,26,195
4586,26,195
4587,26,195
4588,26,195
4589,26,195
4590,26,195
4591,26,195
4592,26,195
4593,26,195
4594,26,195
4595,26,195
4596,26,195
4597,26,195
4598,26,195
4599,26,195
4600,26,195
4601,26,195
4602,26,195
4603,26,195
4604,26,195
4605,26,195
4606,26,195
4607,26,195
4608,26,195
4609,26,195
4610,26,195
4611,26,195
4612,26,195
4613,26,195
4614,26,195
4615,26,195
4616,26,195
4617,26,195
4618,26,195
4619,26,195
4620,26,195
4621,26,195
4622,26,195
4623,26,195
4624,26,195
4625,26,195
4626,26,195
4627,26,195
4628,26,195
4629,26,195
4630,26,195
4631,26,195
4632,26,195
4633,26,195
4634,26,195
4635,26,195
4636,26,195
4637,26,195
4638,26,195
4639,26,195
4640,26,195
4641,26,195
4642,26,195
4643,26,195
4644,26,195
4645,26,195
4646,26,195
4647,26,195
4648,26,195
4649,26,195
4650,26,195
4651,26,195
4652,26,195
4653,26,195
4654,26,195
4655,26,195
4656,26,195
4657,26,195
4658,26,195
4659,26,195
4660,26,195
4661,26,195
4662,26,195
4663,26,195
4664,26,195
4665,26,195
4666,26,195
4667,26,195
4668,26,195
4669,26,195
4670,26,195
4671,26,195
4672,26,195
4673,26,195
4674,26,195
4675,26,195
4676,26,195
4677,26,195
4678,26,195
4679,26,195
4680,26,195
4681,26,195
4682,26,195
4683,26,195
4684,26,195
4685,26,195
4686,26,195
4687,26,195
4688,26,195
4689,26,195
4690,26,195
4691,26,195
4692,26,195
4693,26,195
4694,26,195
4695,26,195
4696,26,195
4697,26,195
4698,26,195
4699,26,195
4700,26,195
4701,26,195
4702,26,195
4703,26,195
4704,26,195
4705,26,195
4706,27,399
4707,27,399
4708,27,399
4709,27,399
4710,27,399
4711,27,399
4712,27,399
4713,27,399
4714,27,399
4715,27,399
4716,27,399
4717,27,399
4718,27,399
4719,27,399
4720,27,399
4721,27,399
4722,27,399
4723,27,399
4724,27,399
4725,27,399
4726,27,399
4727,27,399
4728,27,399
4729,27,399
4730,27,399
4731,27,399
4732,27,399
4733,27,399
4734,27,399
4735,27,399
4736,27,399
4737,27,399
4738,27,399
4739,27,399
4740,27,399
4741,27,399
4742,27,399
4743,27,399
4744,27,399
4745,27,399
4746,27,399
4747,27,399
4748,27,399
4749,27,399
4750,27,399
4751,27,399
4752,27,399
4753,27,399
4754,27,399
4755,27,399
4756,27,399
4757,27,399
4758,27,399
4759,27,399
4760,27,399
4761,27,399
4762,27,399
4763,27,399
4764,27,399
4765,27,399
4766,27,399
4767,27,399
4768,27,399
4769,27,399
4770,27,399
4771,27,399
4772,27,399
4773,27,399
4774,27,399
4775,27,399
4776,27,399
4777,27,399
4778,27,399
4779,27,399
4780,27,399
4781,27,399
4782,27,399
4783,27,399
4784,27,399
4785,27,399
4786,27,399
4787,27,399
4788,27,399
4789,27,399
4790,27,399
4791,27,399
4792,27,399
4793,27,399
4794,27,399
4795,27,399
4796,27,399
4797,27,399
4798,27,399
4799,27,399
4800,27,399
4801,27,399
4802,27,399
4803,27,399
4804,27,399
4805,27,399
4806,27,399
4807,27,399
4808,27,399
4809,27,399
4810,27,399
4811,27,399
4812,27,399
4813,27,399
4814,27,399
4815,27,399
4816,27,399
4817,27,399
4818,27,399
4819,27,399
4820,27,399
4821,27,399
4822,27,399
4823,27,399
4824,27,399
4825,27,399
4826,27,399
4827,27,399
4828,27,399
4829,27,399
4830,27,399
4831,27,399
4832,27,399
4833,27,399
4834,27,399
4835,27,399
4836,27,399
4837,27,399
4838,27,399
4839,27,399
4840,27,399
4841,27,399
4842,27,399
4843,27,399
4844,27,399
4845,27,399
4846,27,399
4847,27,399
4848,27,399
4849,27,399
4850,27,399
4851,27,399
4852,27,399
4853,27,399
4854,27,399
4855,27,399
4856,27,399
4857,27,399
4858,27,399
4859,27,399
4860,27,399
4861,27,399
4862,27,399
4863,27,399
4864,27,399
4865,27,399
4866,27,399
4867,27,399
4868,27,399
4869,27,399
4870,27,399
4871,27,399
4872,27,399
4873,27,399
4874,27,399
4875,27,399
4876,27,399
4877,27,399
4878,27,399
4879,27,399
4880,27,399
4881,27,399
4882,27,399
4883,27,399
4884,27,399
4885,27,399
4886,27,399
4887,27,399
4888,27,399
4889,27,399
4890,27,399
4891,27,399
4892,27,399
4893,27,399
4894,27,399
4895,27,399
4896,27,399
4897,27,399
4898,27,399
4899,27,399
4900,27,399
4901,27,399
4902,27,399
4903,27,399
4904,27,399
4905,27,399
4906,27,399
4907,27,399
4908,27,399
4909,27,399
4910,27,399
4911,27,399
4912,27,399
4913,27,399
4914,27,399
4915,27,399
4916,27,399
4917,27,399
4918,27,399
4919,27,399
4920,27,399
4921,27,399
4922,27,399
4923,27,399
4924,27,399
4925,27,399
4926,27,399
4927,27,399
4928,27,399
4929,27,399
4930,27,399
4931,27,399
4932,27,399
4933,27,399
4934,27,399
4935,27,399
4936,27,399
4937,27,399
4938,27,399
4939,27,399
4940,27,399
4941,27,399
4942,27,399
4943,27,399
4944,27,399
4945,27,399
4946,27,399
4947,27,399
4948,27,399
4949,27,399
4950,27,399
4951,27,399
4952,27,399
4953,27,399
4954,27,399
4955,27,399
4956,27,399
4957,27,399
4958,27,399
4959,27,399
4960,27,399
4961,27,399
4962,27,399
4963,27,399
4964,27,399
4965,27,399
4966,27,399
4967,27,399
4968,27,399
4969,27,399
4970,27,399
4971,27,399
4972,27,399
4973,27,399
4974,27,399
4975,27,399
4976,27,399
4977,27,399
4978,27,399
4979,27,399
4980,27,399
4981,27,399
4982,27,399
4983,27,399
4984,27,399
4985,27,399
4986,27,399
4987,27,399
4988,27,399
4989,27,399
4990,27,399
4991,27,399
4992,27,399
4993,27,399
4994,27,399
4995,27,399
4996,27,399
4997,27,399
4998,27,399
4999,27,399
5000,27,399
5001,27,399
5002,27,399
5003,27,399
5004,27,399
5005,27,399
5006,27,399
5007,27,399
5008,27,399
5009,27,399
5010,27,399
5011,27,399
5012,27,399
5013,27,399
5014,27,399
5015,27,399
5016,27,399
5017,27,399
5018,27,399
5019,27,399
5020,27,399
5021,27,399
5022,27,399
5023,27,399
5024,27,399
5025,27,399
5026,27,399
5027,27,399
5028,27,399
5029,27,399
5030,27,399
5031,27,399
5032,27,399
5033,27,399
5034,27,399
5035,27,399
5036,27,399
5037,27,399
5038,27,399
5039,27,399
5040,27,399
5041,27,399
5042,27,399
5043,27,399
5044,27,399
5045,27,399
5046,27,399
5047,27,399
5048,27,399
5049,27,399
5050,27,399
5051,27,399
5052,27,399
5053,27,399
5054,27,399
5055,27,399
5056,27,399
5057,27,399
5058,27,399
5059,27,399
5060,27,399
5061,27,399
5062,27,399
5063,27,399
5064,27,399
5065,27,399
5066,27,399
5067,27,399
5068,27,399
5069,27,399
5070,27,399
5071,27,399
5072,27,399
5073,27,399
5074,27,399
5075,27,399
5076,27,399
5077,27,399
5078,27,399
5079,27,399
5080,27,399
5081,27,399
5082,27,399
5083,27,399
5084,27,399
5085,27,399
5086,27,399
5087,27,399
5088,27,399
5089,27,399
5090,27,399
5091,27,399
5092,27,399
5093,27,399
5094,27,399
5095,27,399
5096,27,399
5097,27,399
5098,27,399
5099,27,399
5100,27,399
5101,27,399
5102,27,399
5103,27,399
5104,27,399
5105,28,137
5106,28,137
5107,28,137
5108,28,137
5109,28,137
5110,28,137
5111,28,137
5112,28,137
5113,28,137
5114,28,137
5115,28,137
5116,28,137
5117,28,137
5118,28,137
5119,28,137
5120,28,137
5121,28,137
5122,28,137
5123,28,137
5124,28,137
5125,28,137
5126,28,137
5127,28,137
5128,28,137
5129,28,137
5130,28,137
5131,28,137
5132,28,137
5133,28,137
5134,28,137
5135,28,137
5136,28,137
5137,28,137
5138,28,137
5139,28,137
5140,28,137
5141,28,137
5142,28,137
5143,28,137
5144,28,137
5145,28,137
5146,28,137
5147,28,137
5148,28,137
5149,28,137
5150,28,137
5151,28,137
5152,28,137
5153,28,137
5154,28,137
5155,28,137
5156,28,137
5157,28,137
5158,28,137
5159,28,137
5160,28,137
5161,28,137
5162,28,137
5163,28,137
5164,28,137
5165,28,137
5166,28,137
5167,28,137
5168,28,137
5169,28,137
5170,28,137
5171,28,137
5172,28,137
5173,28,137
5174,28,137
5175,28,137
5176,28,137
5177,28,137
5178,28,137
5179,28,137
5180,28,137
5181,28,137
5182,28,137
5183,28,137
5184,28,137
5185,28,137
5186,28,137
5187,28,137
5188,28,137
5189,28,137
5190,28,137
5191,28,137
5192,28,137
5193,28,137
5194,28,137
5195,28,137
5196,28,137
5197,28,137
5198,28,137
5199,28,137
5200,28,137
5201,28,137
5202,28,137
5203,28,137
5204,28,137
5205,28,137
5206,28,137
5207,28,137
5208,28,137
5209,28,137
5210,28,137
5211,28,137
5212,28,137
5213,28,137
5214,28,137
5215,28,137
5216,28,137
5217,28,137
5218,28,137
5219,28,137
5220,28,137
5221,28,137
5222,28,137
5223,28,137
5224,28,137
5225,28,137
5226,28,137
5227,28,137
5228,28,137
5229,28,137
5230,28,137
5231,28,137
5232,28,137
5233,28,137
5234,28,137
5235,28,137
5236,28,137
5237,28,137
5238,28,137
5239,28,137
5240,28,137
5241,28,137
5242,29,431
5243,29,431
5244,29,431
5245,29,431
5246,29,431
5247,29,431
5248,29,431
5249,29,431
5250,29,431
5251,29,431
5252,29,431
5253,29,431
5254,29,431
5255,29,431
5256,29,431
5257,29,431
5258,29,431
5259,29,431
5260,29,431
5261,29,431
5262,29,431
5263,29,431
5264,29,431
5265,29,431
5266,29,431
5267,29,431
5268,29,431
5269,29,431
5270,29,431
5271,29,431
5272,29,431
5273,29,431
5274,29,431
5275,29,431
5276,29,431
5277,29,431
5278,29,431
5279,29,431
5280,29,431
5281,29,431
5282,29,431
5283,29,431
5284,29,431
5285,29,431
5286,29,431
5287,29,431
5288,29,431
5289,29,431
5290,29,431
5291,29,431
5292,29,431
5293,29,431
5294,29,431
5295,29,431
5296,29,431
5297,29,431
5298,29,431
5299,29,431
5300,29,431
5301,29,431
5302,29,431
5303,29,431
5304,29,431
5305,29,431
5306,29,431
5307,29,431
5308,29,431
5309,29,431
5310,29,431
5311,29,431
5312,29,431
5313,29,431
5314,29,431
5315,29,431
5316,29,431
5317,29,431
5318,29,431
5319,29,431
5320,29,431
5321,29,431
5322,29,431
5323,29,431
5324,29,431
5325,29,431
5326,29,431
5327,29,431
5328,29,431
5329,29,431
5330,29,431
5331,29,431
5332,29,431
5333,29,431
5334,29,431
5335,29,431
5336,29,431
5337,29,431
5338,29,431
5339,29,431
5340,29,431
5341,29,431
5342,29,431
5343,29,431
5344,29,431
5345,29,431
5346,29,431
5347,29,431
5348,29,431
5349,29,431
5350,29,431
5351,29,431
5352,29,431
5353,29,431
5354,29,431
5355,29,431
5356,29,431
5357,29,431
5358,29,431
5359,29,431
5360,29,431
5361,29,431
5362,29,431
5363,29,431
5364,29,431
5365,29,431
5366,29,431
5367,29,431
5368,29,431
5369,29,431
5370,29,431
5371,29,431
5372,29,431
5373,29,431
5374,29,431
5375,29,431
5376,29,431
5377,29,431
5378,29,431
5379,29,431
5380,29,431
5381,29,431
5382,29,431
5383,29,431
5384,29,431
5385,29,431
5386,29,431
5387,29,431
5388,29,431
5389,29,431
5390,29,431
5391,29,431
5392,29,431
5393,29,431
5394,29,431
5395,29,431
5396,29,431
5397,29,431
5398,29,431
5399,29,431
5400,29,431
5401,29,431
5402,29,431
5403,29,431
5404,29,431
5405,29,431
5406,29,431
5407,29,431
5408,29,431
5409,29,431
5410,29,431
5411,29,431
5412,29,431
5413,29,431
5414,29,431
5415,29,431
5416,29,431
5417,29,431
5418,29,431
5419,29,431
5420,29,431
5421,29,431
5422,29,431
5423,29,431
5424,29,431
5425,29,431
5426,29,431
5427,29,431
5428,29,431
5429,29,431
5430,29,431
5431,29,431
5432,29,431
5433,29,431
5434,29,431
5435,29,431
5436,29,431
5437,29,431
5438,29,431
5439,29,431
5440,29,431
5441,29,431
5442,29,431
5443,29,431
5444,29,431
5445,29,431
5446,29,431
5447,29,431
5448,29,431
5449,29,431
5450,29,431
5451,29,431
5452,29,431
5453,29,431
5454,29,431
5455,29,431
5456,29,431
5457,29,431
5458,29,431
5459,29,431
5460,29,431
5461,29,431
5462,29,431
5463,29,431
5464,29,431
5465,29,431
5466,29,431
5467,29,431
5468,29,431
5469,29,431
5470,29,431
5471,29,431
5472,29,431
5473,29,431
5474,29,431
5475,29,431
5476,29,431
5477,29,431
5478,29,431
5479,29,431
5480,29,431
5481,29,431
5482,29,431
5483,29,431
5484,29,431
5485,29,431
5486,29,431
5487,29,431
5488,29,431
5489,29,431
5490,29,431
5491,29,431
5492,29,431
5493,29,431
5494,29,431
5495,29,431
5496,29,431
5497,29,431
5498,29,431
5499,29,431
5500,29,431
5501,29,431
5502,29,431
5503,29,431
5504,29,431
5505,29,431
5506,29,431
5507,29,431
5508,29,431
5509,29,431
5510,29,431
5511,29,431
5512,29,431
5513,29,431
5514,29,431
5515,29,431
5516,29,431
5517,29,431
5518,29,431
5519,29,431
5520,29,431
5521,29,431
5522,29,431
5523,29,431
5524,29,431
5525,29,431
5526,29,431
5527,29,431
5528,29,431
5529,29,431
5530,29,431
5531,29,431
5532,29,431
5533,29,431
5534,29,431
5535,29,431
5536,29,431
5537,29,431
5538,29,431
5539,29,431
5540,29,431
5541,29,431
5542,29,431
5543,29,431
5544,29,431
5545,29,431
5546,29,431
5547,29,431
5548,29,431
5549,29,431
5550,29,431
5551,29,431
5552,29,431
5553,29,431
5554,29,431
5555,29,431
5556,29,431
5557,29,431
5558,29,431
5559,29,431
5560,29,431
5561,29,431
5562,29,431
5563,29,431
5564,29,431
5565,29,431
5566,29,431
5567,29,431
5568,29,431
5569,29,431
5570,29,431
5571,29,431
5572,29,431
5573,29,431
5574,29,431
5575,29,431
5576,29,431
5577,29,431
5578,29,431
5579,29,431
5580,29,431
5581,29,431
5582,29,431
5583,29,431
5584,29,431
5585,29,431
5586,29,431
5587,29,431
5588,29,431
5589,29,431
5590,29,431
5591,29,431
5592,29,431
5593,29,431
5594,29,431
5595,29,431
5596,29,431
5597,29,431
5598,29,431
5599,29,431
5600,29,431
5601,29,431
5602,29,431
5603,29,431
5604,29,431
5605,29,431
5606,29,431
5607,29,431
5608,29,431
5609,29,431
5610,29,431
5611,29,431
5612,29,431
5613,29,431
5614,29,431
5615,29,431
5616,29,431
5617,29,431
5618,29,431
5619,29,431
5620,29,431
5621,29,431
5622,29,431
5623,29,431
5624,29,431
5625,29,431
5626,29,431
5627,29,431
5628,29,431
5629,29,431
5630,29,431
5631,29,431
5632,29,431
5633,29,431
5634,29,431
5635,29,431
5636,29,431
5637,29,431
5638,29,431
5639,29,431
5640,29,431
5641,29,431
5642,29,431
5643,29,431
5644,29,431
5645,29,431
5646,29,431
5647,29,431
5648,29,431
5649,29,431
5650,29,431
5651,29,431
5652,29,431
5653,29,431
5654,29,431
5655,29,431
5656,29,431
5657,29,431
5658,29,431
5659,29,431
5660,29,431
5661,29,431
5662,29,431
5663,29,431
5664,29,431
5665,29,431
5666,29,431
5667,29,431
5668,29,431
5669,29,431
5670,29,431
5671,29,431
5672,29,431
5673,30,564
5674,30,564
5675,30,564
5676,30,564
5677,30,564
5678,30,564
5679,30,564
5680,30,564
5681,30,564
5682,30,564
5683,30,564
5684,30,564
5685,30,564
5686,30,564
5687,30,564
5688,30,564
5689,30,564
5690,30,564
5691,30,564
5692,30,564
5693,30,564
5694,30,564
5695,30,564
5696,30,564
5697,30,564
5698,30,564
5699,30,564
5700,30,564
5701,30,564
5702,30,564
5703,30,564
5704,30,564
5705,30,564
5706,30,564
5707,30,564
5708,30,564
5709,30,564
5710,30,564
5711,30,564
5712,30,564
5713,30,564
5714,30,564
5715,30,564
5716,30,564
5717,30,564
5718,30,564
5719,30,564
5720,30,564
5721,30,564
5722,30,564
5723,30,564
5724,30,564
5725,30,564
5726,30,564
5727,30,564
5728,30,564
5729,30,564
5730,30,564
5731,30,564
5732,30,564
5733,30,564
5734,30,564
5735,30,564
5736,30,564
5737,30,564
5738,30,564
5739,30,564
5740,30,564
5741,30,564
5742,30,564
5743,30,564
5744,30,564
5745,30,564
5746,30,564
5747,30,564
5748,30,564
5749,30,564
5750,30,564
5751,30,564
5752,30,564
5753,30,564
5754,30,564
5755,30,564
5756,30,564
5757,30,564
5758,30,564
5759,30,564
5760,30,564
5761,30,564
5762,30,564
5763,30,564
5764,30,564
5765,30,564
5766,30,564
5767,30,564
5768,30,564
5769,30,564
5770,30,564
5771,30,564
5772,30,564
5773,30,564
5774,30,564
5775,30,564
5776,30,564
5777,30,564
5778,30,564
5779,30,564
5780,30,564
5781,30,564
5782,30,564
5783,30,564
5784,30,564
5785,30,564
5786,30,564
5787,30,564
5788,30,564
5789,30,564
5790,30,564
5791,30,564
5792,30,564
5793,30,564
5794,30,564
5795,30,564
5796,30,564
5797,30,564
5798,30,564
5799,30,564
5800,30,564
5801,30,564
5802,30,564
5803,30,564
5804,30,564
5805,30,564
5806,30,564
5807,30,564
5808,30,564
5809,30,564
5810,30,564
5811,30,564
5812,30,564
5813,30,564
5814,30,564
5815,30,564
5816,30,564
5817,30,564
5818,30,564
5819,30,564
5820,30,564
5821,30,564
5822,30,564
5823,30,564
5824,30,564
5825,30,564
5826,30,564
5827,30,564
5828,30,564
5829,30,564
5830,30,564
5831,30,564
5832,30,564
5833,30,564
5834,30,564
5835,30,564
5836,30,564
5837,30,564
5838,30,564
5839,30,564
5840,30,564
5841,30,564
5842,30,564
5843,30,564
5844,30,564
5845,30,564
5846,30,564
5847,30,564
5848,30,564
5849,30,564
5850,30,564
5851,30,564
5852,30,564
5853,30,564
5854,30,564
5855,30,564
5856,30,564
5857,30,564
5858,30,564
5859,30,564
5860,30,564
5861,30,564
5862,30,564
5863,30,564
5864,30,564
5865,30,564
5866,30,564
5867,30,564
5868,30,564
5869,30,564
5870,30,564
5871,30,564
5872,30,564
5873,30,564
5874,30,564
5875,30,564
5876,30,564
5877,30,564
5878,30,564
5879,30,564
5880,30,564
5881,30,564
5882,30,564
5883,30,564
5884,30,564
5885,30,564
5886,30,564
5887,30,564
5888,30,564
5889,30,564
5890,30,564
5891,30,564
5892,30,564
5893,30,564
5894,30,564
5895,30,564
5896,30,564
5897,30,564
5898,30,564
5899,30,564
5900,30,564
5901,30,564
5902,30,564
5903,30,564
5904,30,564
5905,30,564
5906,30,564
5907,30,564
5908,30,564
5909,30,564
5910,30,564
5911,30,564
5912,30,564
5913,30,564
5914,30,564
5915,30,564
5916,30,564
5917,30,564
5918,30,564
5919,30,564
5920,30,564
5921,30,564
5922,30,564
5923,30,564
5924,30,564
5925,30,564
5926,30,564
5927,30,564
5928,30,564
5929,30,564
5930,30,564
5931,30,564
5932,30,564
5933,30,564
5934,30,564
5935,30,564
5936,30,564
5937,30,564
5938,30,564
5939,30,564
5940,30,564
5941,30,564
5942,30,564
5943,30,564
5944,30,564
5945,30,564
5946,30,564
5947,30,564
5948,30,564
5949,30,564
5950,30,564
5951,30,564
5952,30,564
5953,30,564
5954,30,564
5955,30,564
5956,30,564
5957,30,564
5958,30,564
5959,30,564
5960,30,564
5961,30,564
5962,30,564
5963,30,564
5964,30,564
5965,30,564
5966,30,564
5967,30,564
5968,30,564
5969,30,564
5970,30,564
5971,30,564
5972,30,564
5973,30,564
5974,30,564
5975,30,564
5976,30,564
5977,30,564
5978,30,564
5979,30,564
5980,30,564
5981,30,564
5982,30,564
5983,30,564
5984,30,564
5985,30,564
5986,30,564
5987,30,564
5988,30,564
5989,30,564
5990,30,564
5991,30,564
5992,30,564
5993,30,564
5994,30,564
5995,30,564
5996,30,564
5997,30,564
5998,30,564
5999,30,564
6000,30,564
6001,30,564
6002,30,564
6003,30,564
6004,30,564
6005,30,564
6006,30,564
6007,30,564
6008,30,564
6009,30,564
6010,30,564
6011,30,564
6012,30,564
6013,30,564
6014,30,564
6015,30,564
6016,30,564
6017,30,564
6018,30,564
6019,30,564
6020,30,564
6021,30,564
6022,30,564
6023,30,564
6024,30,564
6025,30,564
6026,30,564
6027,30,564
6028,30,564
6029,30,564
6030,30,564
6031,30,564
6032,30,564
6033,30,564
6034,30,564
6035,30,564
6036,30,564
6037,30,564
6038,30,564
6039,30,564
6040,30,564
6041,30,564
6042,30,564
6043,30,564
6044,30,564
6045,30,564
6046,30,564
6047,30,564
6048,30,564
6049,30,564
6050,30,564
6051,30,564
6052,30,564
6053,30,564
6054,30,564
6055,30,564
6056,30,564
6057,30,564
6058,30,564
6059,30,564
6060,30,564
6061,30,564
6062,30,564
6063,30,564
6064,30,564
6065,30,564
6066,30,564
6067,30,564
6068,30,564
6069,30,564
6070,30,564
6071,30,564
6072,30,564
6073,30,564
6074,30,564
6075,30,564
6076,30,564
6077,30,564
6078,30,564
6079,30,564
6080,30,564
6081,30,564
6082,30,564
6083,30,564
6084,30,564
6085,30,564
6086,30,564
6087,30,564
6088,30,564
6089,30,564
6090,30,564
6091,30,564
6092,30,564
6093,30,564
6094,30,564
6095,30,564
6096,30,564
6097,30,564
6098,30,564
6099,30,564
6100,30,564
6101,30,564
6102,30,564
6103,30,564
6104,30,564
6105,30,564
6106,30,564
6107,30,564
6108,30,564
6109,30,564
6110,30,564
6111,30,564
6112,30,564
6113,30,564
6114,30,564
6115,30,564
6116,30,564
6117,30,564
6118,30,564
6119,30,564
6120,30,564
6121,30,564
6122,30,564
6123,30,564
6124,30,564
6125,30,564
6126,30,564
6127,30,564
6128,30,564
6129,30,564
6130,30,564
6131,30,564
6132,30,564
6133,30,564
6134,30,564
6135,30,564
6136,30,564
6137,30,564
6138,30,564
6139,30,564
6140,30,564
6141,30,564
6142,30,564
6143,30,564
6144,30,564
6145,30,564
6146,30,564
6147,30,564
6148,30,564
6149,30,564
6150,30,564
6151,30,564
6152,30,564
6153,30,564
6154,30,564
6155,30,564
6156,30,564
6157,30,564
6158,30,564
6159,30,564
6160,30,564
6161,30,564
6162,30,564
6163,30,564
6164,30,564
6165,30,564
6166,30,564
6167,30,564
6168,30,564
6169,30,564
6170,30,564
6171,30,564
6172,30,564
6173,30,564
6174,30,564
6175,30,564
6176,30,564
6177,30,564
6178,30,564
6179,30,564
6180,30,564
6181,30,564
6182,30,564
6183,30,564
6184,30,564
6185,30,564
6186,30,564
6187,30,564
6188,30,564
6189,30,564
6190,30,564
6191,30,564
6192,30,564
6193,30,564
6194,30,564
6195,30,564
6196,30,564
6197,30,564
6198,30,564
6199,30,564
6200,30,564
6201,30,564
6202,30,564
6203,30,564
6204,30,564
6205,30,564
6206,30,564
6207,30,564
6208,30,564
6209,30,564
6210,30,564
6211,30,564
6212,30,564
6213,30,564
6214,30,564
6215,30,564
6216,30,564
6217,30,564
6218,30,564
6219,30,564
6220,30,564
6221,30,564
6222,30,564
6223,30,564
6224,30,564
6225,30,564
6226,30,564
6227,30,564
6228,30,564
6229,30,564
6230,30,564
6231,30,564
6232,30,564
6233,30,564
6234,30,564
6235,30,564
6236,30,564
